,Plato,Aristotle,"Kant, Immanuel",Luther,Homer,"Augustine, Saint, Bishop of Hippo","Darwin, Charles","Newton, Isaac","Bacon, Francis","Cicero, Marcus Tullius","Locke, John","Goethe, Johann Wolfgang von","Hegel, Georg Wilhelm Friedrich","Shakespeare, William","Descartes, René",Plutarch,"Lincoln, Abraham","Napoleon I, Emperor of the French","Wesley, John","Spinoza, Benedictus de","Milton, John","Hume, David","Orr, Charles Ebert","Schopenhauer, Arthur",Voltaire,Origen,"Dionysius, of Alexandria, Saint",Bahá'u'lláh,"Rousseau, Jean-Jacques",Virgil,Dante Alighieri,"Nietzsche, Friedrich Wilhelm","Seneca, Lucius Annaeus",Xenophon,Euclid,"Paine, Thomas",Diogenes Laertius,"Hobbes, Thomas","Berkeley, George","Strauss, David Friedrich",Euripides,"Gage, Matilda Joslyn","Whitefield, George","Emerson, Ralph Waldo",Plotinus,"Pascal, Blaise","Moore, G. E. (George Edward)","Bergson, Henri","Huxley, Thomas Henry","Leibniz, Gottfried Wilhelm, Freiherr von","Frazer, James George","Schiller, Friedrich",Confucius,"Melanchthon, Philipp","Muhammad, Prophet","Franklin, Benjamin","Ambrose, Saint, Bishop of Milan","Russell, Bertrand","Lucretius Carus, Titus","Marx, Karl","Montaigne, Michel de","Wilde, Oscar","Carlyle, Thomas","Erasmus, Desiderius","Bute, John Patrick Crichton-Stuart, Marquess of","Grimm, Jacob","Einstein, Albert","Freud, Sigmund",Ptolemy,Sophocles,Aristophanes,"Maimonides, Moses","Lucian, of Samosata","Hippolytus, Antipope","Maimon, Solomon","Della Casa, Giovanni","Jefferson, Thomas","Bentham, Jeremy","Twain, Mark","Ferri, Enrico","Aurelius, Emperor of Rome","Aquinas, Saint",Theophrastus,"Coleridge, Samuel Taylor","Herschel, John F. W. (John Frederick William)",Epictetus,"Newcastle, Margaret Cavendish, Duchess of","Swedenborg, Emanuel","Jennings, Hargrave","Fletcher, Horace","Barrow, Isaac","Faraday, Michael","Tyndall, John","Hervey, Walter Lowrie","Dewey, John","Jowett, John Henry","Giovanni, da Parma","Grote, George","Bartlett, George Willard","Hyde, William De Witt","Dau, W. H. T. (William Herman Theodore)","Herbart, Johann Friedrich","Laplace, Pierre Simon, marquis de","Haeckel, Ernst","Döllinger, Johann Joseph Ignaz von","Austin, John Mather","Ruskin, John","Buchanan, James","Spence, Lewis","Stanton, Elizabeth Cady","Boyle, Robert","Bosanquet, Bernard","Donat, Josef","Wundt, Wilhelm Max","Brewer, George","Melville, Herman","Warwick, Eden","Blake, William","Harnack, Adolf von","Livingstone, W. P. (William Pringle)","Stowe, Harriet Beecher","Priestley, Joseph","Donne, John","Sidgwick, Henry","Gladden, Washington","Forbes, F. A. (Frances Alice)","Leslie, Eliza","Churchill, Winston","Machiavelli, Niccolò","Goldsmith, Oliver","Tolstoy, Leo, graf","Crooke, William","Windsor, William","Davidson, Thomas","Bunyan, John","Ramsay, William","Burnet, John","Schlegel, Friedrich von",Boethius,"Jung, C. G. (Carl Gustav)","Dickens, Charles","Pasteur, Louis","Waite, Arthur Edward","Bruce, H. Addington (Henry Addington)","Barnes, Albert","Morley, John","Gandhi, Mahatma","Taft, William H. (William Howard)","Fitzgerald, F. Scott (Francis Scott)","Kane, William T. (William Terence)"
Plato,0,624,37,3,1175,48,0,17,95,84,19,25,140,51,15,29,0,8,0,22,39,14,0,0,0,0,27,0,19,4,52,0,2,99,27,0,1,2,24,0,78,0,0,0,3,1,0,0,0,0,0,1,0,0,0,0,0,0,4,0,0,0,0,0,0,0,0,0,0,87,155,0,4,6,0,0,0,10,0,0,3,0,1,23,0,0,0,2,0,4,0,0,0,0,0,100,0,35,0,0,0,1,0,0,0,1,0,0,0,0,0,0,0,0,0,0,0,0,0,0,0,0,0,0,3,0,0,0,0,0,0,0,0,0,17,0,0,0,2,0,0,0,0,0,0,0,0,0,0,0
Aristotle,140,0,0,0,119,0,0,0,2,0,0,0,0,0,0,1,0,0,0,0,0,0,0,0,0,0,40,0,0,0,0,0,0,0,1,0,5,10,0,0,60,0,0,0,0,0,10,0,0,0,0,0,0,0,0,0,0,0,0,0,0,0,0,5,0,0,0,0,0,34,6,0,0,0,0,0,0,0,0,0,0,0,5,0,0,0,0,2,0,0,0,0,0,0,0,5,0,5,0,0,0,0,0,0,0,0,0,0,0,0,0,0,0,0,5,0,0,0,0,0,0,0,0,0,1,0,0,0,0,0,0,0,0,5,0,0,5,0,0,0,0,0,0,0,0,5,0,0,0,0
"Kant, Immanuel",36,41,0,4,0,7,2,4,2,13,57,2,23,0,11,0,0,20,0,15,0,144,0,10,11,10,0,0,78,6,10,0,0,0,7,0,1,104,20,0,0,0,0,0,0,0,0,2,0,20,0,14,0,0,0,0,4,0,1,0,1,0,0,14,0,0,0,0,0,0,0,0,0,0,0,0,0,10,0,0,2,8,0,0,0,0,0,3,0,0,0,0,0,0,0,0,0,0,0,0,0,0,0,0,0,0,2,0,0,0,0,2,0,0,0,0,0,0,0,0,0,5,2,0,0,0,0,0,4,0,0,0,0,0,0,0,1,0,0,0,0,0,0,0,0,4,0,0,0,0
Luther,0,0,0,0,0,7,0,0,0,1,0,0,0,0,0,0,0,0,0,0,0,0,0,0,0,0,0,0,0,0,0,0,0,0,0,0,0,0,0,0,0,0,0,0,0,0,0,0,0,0,0,0,0,0,0,0,1,0,0,0,0,0,0,0,0,0,0,0,0,0,0,0,0,0,0,0,0,0,0,0,0,0,0,0,0,0,0,0,0,0,0,0,0,0,0,0,0,0,0,0,0,0,0,0,0,0,0,0,0,0,0,0,0,0,0,0,0,0,0,0,0,0,0,0,1,0,0,0,0,0,0,0,0,0,0,0,0,0,0,0,0,0,0,0,0,0,0,0,0,0
Homer,8,3,0,0,0,0,0,0,0,2,0,0,0,1,0,2,0,0,0,0,14,0,0,0,0,0,1,0,0,73,3,0,2,2,1,0,2,3,0,1,2,0,0,0,0,0,0,0,0,0,0,0,1,0,0,0,0,0,1,0,0,0,0,0,0,0,0,0,0,4,0,0,0,0,0,0,0,0,4,0,0,0,0,15,0,0,0,0,0,0,17,0,0,0,0,0,0,28,0,2,0,0,0,0,0,0,0,0,0,0,0,0,0,0,0,0,0,0,0,0,0,0,1,0,9,0,0,0,0,2,0,0,0,0,0,0,0,2,1,0,0,0,0,0,0,0,0,0,0,0
"Augustine, Saint, Bishop of Hippo",578,14,0,0,32,0,0,0,2,228,0,0,0,0,2,14,0,0,0,0,0,0,0,0,0,29,7,0,0,146,0,0,30,4,0,0,14,0,0,0,2,0,0,0,36,0,2,0,0,0,0,0,0,0,0,0,30,0,10,0,0,0,0,8,0,0,0,0,22,0,0,0,0,6,0,0,0,0,9,0,20,2,0,0,0,8,0,0,0,0,0,0,0,0,0,0,0,6,0,0,0,0,0,0,0,0,0,0,0,0,0,0,0,0,0,0,0,0,0,0,0,0,0,0,4,0,0,0,0,2,0,0,0,0,0,0,0,0,0,0,0,0,0,0,0,0,0,0,0,0
"Darwin, Charles",0,2,4,0,3,0,0,13,4,0,0,10,0,3,0,0,0,2,0,0,1,20,0,3,0,0,0,0,0,0,0,0,1,2,0,0,0,0,10,0,0,0,0,2,0,0,1,0,41,0,0,1,0,0,0,0,0,0,0,0,0,0,0,1,0,3,0,0,0,0,0,0,0,0,0,9,0,6,2,0,6,1,0,1,2,0,0,0,0,0,2,0,0,0,0,0,0,0,52,0,0,0,0,17,0,1,0,2,32,0,0,0,0,0,2,0,0,3,0,16,0,0,3,3,1,48,6,0,0,0,0,0,2,0,0,19,2,8,0,0,1,0,0,4,0,2,0,0,0,0
"Newton, Isaac",0,0,0,0,0,0,0,0,0,0,0,0,0,0,0,0,0,0,0,0,0,0,0,0,0,0,0,0,0,0,0,0,0,0,0,0,0,0,0,0,0,0,0,0,0,0,0,0,0,0,0,0,0,0,0,0,0,0,0,0,0,0,0,0,0,0,0,0,0,0,0,0,0,0,0,0,0,0,0,0,0,0,0,0,0,0,0,0,0,0,0,0,0,0,0,0,0,0,0,0,0,0,0,0,0,0,0,0,0,0,0,0,0,0,0,0,0,0,0,0,0,0,0,0,0,0,0,0,0,0,0,0,0,0,0,0,0,0,0,0,0,0,0,0,0,0,0,0,0,0
"Bacon, Francis",118,211,2,9,34,5,0,47,0,121,0,2,0,5,12,23,0,0,0,4,3,2,0,0,2,0,12,0,0,48,2,0,76,14,6,0,14,2,1,2,0,0,0,0,2,0,0,0,0,0,0,0,0,0,0,2,2,0,17,0,21,0,0,2,0,1,2,0,6,0,4,0,11,0,0,0,0,0,0,7,6,0,4,0,10,8,0,2,0,0,0,0,0,0,0,0,0,0,0,0,0,0,4,0,0,0,0,0,0,0,0,0,0,0,0,0,0,0,0,0,0,0,0,0,0,0,3,0,4,0,0,0,0,0,0,0,3,0,0,0,0,1,0,0,0,2,0,0,0,0
"Cicero, Marcus Tullius",590,281,0,0,170,24,0,1,0,0,0,0,0,0,0,19,0,0,0,0,2,0,0,0,0,0,88,0,0,17,0,0,14,34,4,0,86,0,0,0,65,0,0,0,0,0,0,0,1,0,0,0,0,0,0,6,0,0,18,0,0,0,0,0,0,0,0,0,13,30,4,0,0,13,0,0,0,0,1,0,1,0,83,0,0,1,1,0,0,0,0,0,0,0,0,0,0,17,0,0,0,0,0,0,0,0,0,0,0,0,0,0,0,0,0,0,0,0,0,0,0,0,0,0,0,0,0,0,3,0,0,0,0,0,0,0,0,0,1,0,0,0,0,0,0,0,0,0,0,0
"Locke, John",10,3,0,0,0,0,0,4,1,2,0,0,0,0,4,0,2,0,0,0,3,0,0,0,0,0,0,0,0,6,0,0,0,0,5,0,0,0,0,0,0,0,0,0,0,4,0,0,0,0,0,0,0,0,0,0,0,0,0,0,0,0,0,0,0,0,0,0,0,0,0,0,1,0,0,0,0,0,0,0,0,0,0,0,0,0,0,0,0,0,0,0,0,0,0,0,0,0,0,0,0,0,0,0,0,2,0,6,0,0,2,0,0,0,0,0,0,0,0,0,0,0,0,0,0,0,0,0,0,0,0,0,0,0,0,0,0,0,0,0,0,0,0,0,0,0,0,0,0,0
"Goethe, Johann Wolfgang von",0,35,0,1,8,0,1,37,1,1,0,0,1,2,1,0,0,2,0,0,1,0,0,0,0,0,0,0,0,0,2,0,2,0,0,0,0,0,0,0,0,0,0,0,0,0,0,0,0,0,0,0,0,0,0,0,0,0,0,0,0,0,1,0,0,1,0,0,0,0,0,0,0,0,0,31,0,0,1,0,0,0,4,0,0,0,0,0,0,0,0,0,0,0,0,0,1,0,0,0,0,0,0,0,0,1,0,0,0,0,6,0,0,0,0,0,0,0,0,0,0,1,0,0,0,0,1,0,0,0,0,0,0,0,0,0,0,1,0,0,0,0,0,0,0,0,0,0,0,0
"Hegel, Georg Wilhelm Friedrich",714,644,598,22,166,10,6,41,93,75,125,190,0,98,150,46,0,12,1,308,17,68,64,32,15,2,36,0,24,26,36,6,17,29,17,0,124,37,35,4,15,0,0,2,114,3,4,0,2,34,0,108,13,0,2,1,0,7,1,1,2,0,3,4,0,0,0,0,3,44,54,12,2,1,0,1,0,4,4,0,7,15,14,4,0,5,0,2,2,3,0,0,1,0,1,0,6,0,1,0,0,75,4,4,0,6,9,0,5,0,0,51,0,0,0,0,0,4,0,0,0,0,0,0,0,2,1,0,1,1,0,0,1,1,0,0,1,32,3,6,1,0,7,3,1,0,0,0,0,0
"Shakespeare, William",0,2,0,0,0,0,0,0,5,33,0,0,0,0,0,0,7,0,0,0,0,24,0,0,0,0,0,0,0,0,0,0,5,0,0,0,0,0,14,0,0,50,0,0,0,0,0,0,0,0,0,0,0,0,0,3,0,0,3,0,0,0,0,0,0,0,0,0,3,0,0,0,0,0,0,0,0,0,62,0,0,0,0,0,0,0,0,0,0,1,1,0,0,0,0,0,0,0,0,0,0,0,0,0,0,0,0,0,0,0,0,0,0,0,3,0,250,0,0,0,3,0,9,0,0,0,0,0,0,13,0,0,47,0,0,0,7,0,0,0,1,0,0,0,3,0,0,0,0,0
"Descartes, René",2,11,0,0,0,0,0,0,0,0,0,0,0,0,0,0,0,0,0,0,0,0,0,0,0,0,0,0,0,0,0,0,0,0,0,0,0,6,0,0,0,0,0,0,0,0,0,0,0,0,0,0,0,0,0,0,0,0,0,0,0,1,0,0,0,0,0,0,0,0,0,0,0,0,0,0,0,0,0,0,0,0,0,0,0,0,0,0,0,0,0,0,0,0,0,0,0,0,0,0,0,0,0,0,0,0,0,0,0,0,0,0,0,0,0,0,0,0,0,0,0,0,0,0,0,0,0,0,0,0,0,0,0,0,0,0,0,0,0,0,0,0,0,0,0,0,0,0,0,0
Plutarch,622,175,1,0,439,2,0,6,7,55,0,1,0,9,0,0,0,1,0,0,2,0,0,0,1,0,101,0,1,6,1,0,140,54,2,0,78,0,0,0,248,0,0,5,0,0,0,0,0,0,1,0,0,0,0,0,0,0,11,0,15,0,1,18,0,0,0,0,68,110,38,0,8,17,0,0,0,0,3,0,4,0,47,1,0,5,0,0,0,0,0,0,0,0,0,0,0,2,0,0,0,0,0,0,0,0,1,0,0,0,0,0,0,0,0,0,0,0,0,0,0,0,1,0,2,0,0,0,0,1,0,0,0,0,0,0,3,0,0,0,0,0,0,0,0,0,0,0,0,0
"Lincoln, Abraham",0,0,0,0,2,2,0,0,1,2,0,0,0,4,0,0,0,11,1,0,9,0,0,0,1,0,0,0,0,0,0,0,0,0,5,0,0,0,2,0,0,0,0,2,0,0,11,0,0,0,0,0,0,0,0,29,0,7,0,0,0,0,1,0,0,0,0,0,0,0,0,0,13,0,0,0,96,0,2,0,0,0,0,0,0,0,0,0,0,1,0,0,0,0,0,0,0,0,4,0,0,0,0,0,0,4,0,41,0,84,18,0,0,0,0,0,1,2,0,0,2,0,0,0,1,0,0,3,0,0,0,0,0,1,0,0,2,0,0,0,0,0,0,0,0,0,0,0,0,4
"Napoleon I, Emperor of the French",0,0,0,0,0,0,0,0,0,0,0,0,0,0,0,0,0,0,0,0,0,0,0,0,0,0,0,0,0,0,0,0,0,0,0,0,0,0,0,0,0,0,0,0,0,0,0,0,0,0,0,0,0,0,0,0,0,0,0,0,0,0,0,0,0,0,0,0,0,0,0,0,0,0,0,0,0,0,0,0,0,0,0,0,0,0,0,0,0,0,0,0,0,0,0,0,0,0,0,0,0,0,0,0,0,0,0,0,0,0,0,0,0,0,0,0,0,0,0,0,0,0,0,0,0,0,0,0,0,0,0,0,0,0,0,0,0,0,0,0,0,0,0,0,0,0,0,0,0,0
"Wesley, John",3,0,0,0,1,0,0,2,0,0,0,0,0,0,0,0,0,0,0,0,1,0,0,0,0,0,0,0,0,0,0,0,0,0,0,0,0,0,0,0,0,0,4,0,0,0,0,0,0,0,0,0,0,0,0,0,0,0,0,0,0,0,0,1,0,0,0,0,0,0,0,0,0,0,0,0,0,0,1,0,0,0,0,0,0,0,9,0,0,0,0,0,0,0,0,0,0,0,0,0,0,0,0,0,0,0,0,0,0,0,0,0,0,0,0,0,0,0,0,0,0,0,0,0,0,0,0,0,0,0,0,0,0,0,0,0,0,0,0,0,0,0,0,0,0,0,0,0,0,0
"Spinoza, Benedictus de",6,6,1,0,0,0,0,0,4,3,0,1,0,0,12,0,0,0,0,0,0,0,0,0,1,0,0,0,2,0,2,3,8,0,13,0,0,2,0,0,0,0,0,0,0,0,0,0,0,0,0,0,0,0,0,0,0,0,0,0,0,0,0,0,0,0,0,3,0,0,0,33,0,0,0,0,0,0,0,0,0,0,0,1,0,0,0,0,0,0,0,0,0,0,1,0,0,0,0,0,0,0,0,0,0,0,1,0,0,0,1,0,0,0,0,0,0,0,0,0,0,0,0,0,0,0,0,0,2,0,0,0,0,0,0,0,0,0,0,0,0,0,0,0,0,0,0,0,0,0
"Milton, John",7,1,0,1,2,0,0,0,1,5,0,0,0,0,0,0,0,0,0,0,0,0,0,0,0,0,3,0,0,0,0,0,0,0,0,0,1,0,0,0,1,0,0,0,0,0,0,0,0,0,0,0,0,0,0,0,0,0,1,0,0,0,0,0,0,0,0,0,0,0,2,0,0,0,0,0,0,0,0,0,0,1,0,0,0,0,0,0,0,0,0,0,0,0,0,0,0,0,0,0,0,0,0,0,0,0,0,0,0,0,0,0,0,0,0,0,0,0,0,0,0,0,0,0,0,0,0,0,0,0,0,0,0,0,0,0,0,0,0,0,0,0,0,0,0,0,0,0,0,0
"Hume, David",29,7,16,0,5,0,0,7,20,55,284,0,4,0,4,7,0,0,1,20,8,0,0,0,4,0,3,0,141,7,0,0,7,7,8,0,0,19,148,0,3,0,0,0,3,2,0,0,2,4,0,0,2,0,0,0,0,0,3,0,1,0,0,0,0,0,0,0,0,0,0,0,8,0,0,0,0,0,0,0,1,0,0,0,0,4,0,0,0,0,3,0,0,0,0,0,0,0,0,0,0,0,0,0,0,0,0,0,0,0,2,0,0,0,0,0,0,0,0,0,0,0,0,0,0,0,0,0,0,0,0,0,0,0,0,1,0,0,0,0,0,0,3,2,0,0,0,0,0,0
"Orr, Charles Ebert",0,0,0,7,0,0,0,0,0,0,0,0,0,0,0,0,0,0,1,0,0,0,0,0,0,0,0,0,0,0,0,0,0,0,0,0,0,0,0,0,0,0,0,0,0,0,0,0,0,0,0,0,0,0,0,0,0,0,0,0,0,0,0,0,0,0,0,0,0,0,0,0,0,0,0,0,0,0,7,0,0,0,0,0,0,0,0,0,0,0,0,0,0,0,0,0,0,0,0,0,0,0,0,0,0,1,0,0,0,0,0,0,0,0,0,0,0,0,0,0,0,0,0,0,3,0,0,0,0,0,0,0,0,0,0,0,0,0,0,0,0,0,0,0,0,0,0,0,0,0
"Schopenhauer, Arthur",421,268,1541,37,41,41,0,58,64,48,91,257,118,94,97,34,4,48,2,171,15,80,0,0,76,3,3,0,55,7,27,0,73,14,45,3,48,44,36,8,21,0,0,4,21,13,4,0,0,0,0,59,8,2,0,7,0,0,21,0,13,2,8,0,0,6,0,0,3,14,3,0,12,4,4,19,0,0,0,22,11,1,16,16,22,12,2,0,0,3,0,2,0,0,0,0,0,0,2,0,0,7,14,0,0,2,0,6,30,0,2,2,0,0,0,0,0,2,0,0,4,16,2,0,0,0,0,4,16,12,0,0,2,0,4,0,2,22,2,6,0,2,0,4,0,0,0,0,0,0
Voltaire,185,110,0,23,121,133,0,190,44,163,134,0,0,13,122,63,0,0,0,52,46,3,0,0,0,59,27,0,17,108,8,0,32,17,12,0,13,10,5,0,24,0,0,0,1,24,0,0,0,0,0,0,28,0,0,2,18,2,75,0,30,0,0,4,0,0,0,0,15,19,11,0,21,25,1,9,0,0,2,5,42,7,1,0,0,26,0,0,0,0,0,0,0,0,0,0,1,0,0,7,0,0,0,0,0,2,0,1,0,0,1,0,0,0,0,0,0,0,0,0,0,0,2,0,1,0,0,0,11,4,0,0,0,0,0,7,3,0,0,0,0,0,0,0,0,22,0,0,0,0
Origen,171,14,0,0,42,1,0,0,0,2,0,0,0,0,0,5,0,0,0,0,0,0,0,0,0,0,3,0,0,0,0,0,0,0,0,0,3,0,0,0,11,0,0,0,0,0,0,0,0,0,0,0,0,0,0,0,6,0,0,0,0,0,0,2,0,0,0,0,1,2,1,0,1,1,0,0,0,0,2,0,1,0,0,0,0,6,0,0,0,0,0,0,0,0,0,0,0,0,0,0,0,0,0,0,0,0,0,0,0,0,0,0,0,0,0,0,0,0,0,0,0,0,0,0,0,0,0,0,0,0,0,0,0,3,0,0,0,0,0,0,0,0,0,0,0,0,0,0,0,0
"Dionysius, of Alexandria, Saint",5,4,0,0,5,2,0,0,0,0,0,0,0,0,0,0,0,0,0,0,0,0,0,0,0,19,0,0,0,0,0,0,0,0,0,0,0,0,0,0,1,0,0,0,0,0,0,0,0,0,0,0,0,0,0,0,1,0,0,0,0,0,0,0,0,0,0,0,2,1,0,0,0,4,0,0,0,0,0,0,1,0,0,0,0,0,0,0,0,0,0,0,0,0,0,0,0,0,0,0,0,0,0,0,0,0,0,0,0,0,0,0,0,0,0,0,0,0,1,0,0,0,0,0,0,0,0,0,0,0,0,0,0,0,0,0,0,0,0,0,0,0,0,0,0,0,0,0,0,0
Bahá'u'lláh,1,1,0,0,0,0,0,0,0,0,0,0,0,0,0,0,0,16,0,0,0,0,0,0,0,0,0,0,0,0,0,0,0,0,0,0,0,0,0,0,0,0,0,0,0,0,0,0,0,0,0,0,0,0,240,0,0,0,0,0,0,0,0,0,0,0,0,0,0,0,0,0,0,0,0,0,0,0,1,0,0,0,0,0,0,0,0,0,0,0,0,0,0,0,0,0,0,0,0,0,0,0,0,0,0,0,0,0,0,0,0,0,0,0,0,0,0,0,0,0,0,0,0,0,24,0,0,0,0,0,0,0,0,0,0,0,0,0,0,0,0,0,0,0,0,0,0,0,0,0
"Rousseau, Jean-Jacques",33,21,26,0,2,0,0,2,2,8,32,2,8,0,6,4,0,0,0,2,4,0,0,0,14,0,2,0,0,1,0,0,0,4,0,0,5,75,0,0,0,0,0,0,0,0,0,0,0,0,0,0,0,0,0,0,0,0,0,0,10,0,0,0,0,0,0,0,0,0,0,0,0,0,0,2,0,2,0,0,0,0,0,0,0,0,0,0,0,0,3,0,0,0,0,0,0,0,0,0,0,0,0,0,0,8,0,2,0,0,0,4,0,0,0,0,0,0,0,0,0,0,0,0,0,0,0,0,0,2,0,0,0,2,0,0,0,0,0,0,0,0,0,0,0,4,0,0,0,0
Virgil,0,0,0,0,0,0,0,0,0,0,0,0,0,1,0,0,0,0,0,0,0,0,0,0,0,0,0,0,0,0,0,0,0,0,0,0,0,0,0,0,0,0,0,0,0,0,0,0,0,0,0,0,0,0,0,0,0,0,1,0,0,0,0,0,0,0,0,0,0,0,0,0,0,6,0,0,0,0,8,0,0,0,0,0,0,0,0,0,0,0,0,0,0,0,0,0,0,0,0,0,0,0,0,0,0,0,0,0,0,0,0,0,0,0,0,0,0,0,0,0,0,0,0,0,0,0,0,0,0,0,0,0,0,0,0,0,0,0,0,0,0,0,0,0,0,0,0,0,0,0
Dante Alighieri,24,69,0,1,12,6,0,0,1,3,0,1,0,0,0,1,0,2,0,0,4,0,0,0,0,1,7,0,0,168,0,0,9,1,5,0,4,0,0,0,0,0,0,0,0,0,0,0,0,0,0,0,0,0,0,0,0,0,0,0,0,3,1,0,0,0,0,0,13,0,0,0,0,1,0,9,0,0,18,0,0,4,0,0,0,0,0,0,0,0,0,0,0,0,0,0,7,0,0,0,0,0,0,0,0,0,0,0,0,0,0,0,0,0,0,0,0,0,0,0,0,0,0,0,2,0,0,0,0,0,0,0,0,0,0,0,0,0,17,0,0,0,0,0,0,1,0,0,0,0
"Nietzsche, Friedrich Wilhelm",386,85,339,156,377,15,114,8,12,12,7,495,143,79,37,12,0,103,1,82,6,17,0,762,108,0,1,0,131,0,21,0,11,0,4,2,15,4,0,398,121,0,1,6,0,98,2,0,2,11,0,145,6,2,0,0,0,0,6,0,26,8,30,3,0,4,0,0,0,59,20,2,2,0,0,0,0,1,20,0,3,2,2,0,0,15,2,2,0,0,1,0,0,0,0,2,0,0,0,0,0,4,0,0,0,0,0,0,0,0,0,0,0,0,0,0,0,0,0,1,8,0,1,0,0,0,0,0,9,1,6,0,0,0,2,0,1,12,0,4,0,0,0,0,0,2,0,0,0,0
"Seneca, Lucius Annaeus",62,23,0,0,15,8,0,0,0,25,0,0,0,3,0,3,0,0,0,0,0,0,0,0,0,0,3,0,0,8,0,0,0,3,0,0,29,0,0,0,1,0,0,0,0,0,0,0,0,0,0,0,0,0,0,0,0,0,2,0,0,0,0,0,0,0,0,0,3,0,1,0,0,0,0,0,0,0,0,0,1,0,4,0,0,0,0,0,0,0,0,0,0,0,0,0,0,1,0,0,0,0,0,0,0,2,0,0,0,0,0,0,0,0,0,0,0,0,0,0,0,0,0,0,0,0,0,0,0,0,0,0,0,0,0,0,0,0,0,0,0,0,0,0,0,0,0,0,0,0
Xenophon,53,4,0,0,34,0,0,0,0,1,0,4,0,0,0,1,0,2,2,0,2,0,0,0,0,0,0,0,0,0,1,0,0,0,0,0,0,0,0,0,1,0,0,0,0,0,0,0,0,0,0,0,0,0,0,0,0,0,0,0,0,0,0,0,0,0,0,0,0,3,0,0,11,0,0,0,0,0,5,0,0,0,0,0,0,1,0,0,0,0,0,0,0,0,0,39,0,75,0,0,0,0,0,0,0,0,1,0,0,0,0,0,0,0,0,0,0,0,0,0,0,0,0,2,3,0,0,0,1,0,0,0,0,0,0,0,0,0,0,0,0,0,0,0,0,1,0,0,0,0
Euclid,0,1,0,0,1,0,0,0,1,2,1,1,0,0,0,1,0,0,0,0,5,0,0,0,1,0,0,0,0,0,0,0,0,2,0,0,0,0,0,0,1,0,0,0,0,5,0,0,0,0,0,1,0,0,0,0,0,0,1,0,0,0,0,0,0,0,0,0,12,1,1,0,1,1,0,0,0,0,0,0,0,0,0,0,0,0,0,0,0,0,0,0,0,0,0,0,1,0,0,0,0,0,0,0,0,0,0,0,0,0,0,0,0,0,0,0,0,0,0,0,0,0,0,4,0,0,0,0,0,0,0,0,0,2,0,0,0,0,0,0,0,0,0,0,0,0,0,0,0,0
"Paine, Thomas",12,12,20,10,83,19,0,16,0,5,13,0,0,0,5,0,7,12,0,5,3,4,0,0,12,0,2,0,11,0,0,0,0,0,45,0,0,0,0,5,0,192,0,0,0,0,2,0,25,0,0,0,5,0,0,111,0,2,0,0,2,0,2,0,0,0,0,0,0,0,0,0,0,0,0,0,90,4,5,0,0,0,0,0,5,0,15,0,0,0,0,0,0,0,0,0,0,0,0,0,0,0,0,0,0,0,0,0,6,0,0,0,0,0,0,2,0,14,0,0,0,41,0,0,0,0,0,4,0,5,0,0,0,0,3,0,0,0,0,0,0,0,0,0,10,0,0,0,4,0
Diogenes Laertius,234,81,0,0,48,0,0,0,0,4,0,0,0,0,0,5,0,0,0,0,0,0,0,0,0,0,81,0,0,3,0,0,0,44,19,0,0,0,0,0,38,0,0,0,0,0,0,0,0,0,0,0,0,0,0,0,0,0,1,0,0,0,0,0,0,0,0,0,28,18,10,0,1,1,0,0,0,0,0,0,0,0,45,0,0,1,0,0,0,0,0,0,0,0,0,0,0,2,0,0,0,0,0,0,0,0,0,0,0,0,0,0,0,0,0,0,0,0,0,0,0,0,0,0,0,0,0,0,0,0,0,0,0,0,0,0,0,0,1,0,0,0,0,0,0,0,0,0,0,0
"Hobbes, Thomas",33,120,0,0,16,3,0,0,0,47,0,0,0,0,0,1,0,0,0,0,0,0,0,0,0,0,0,0,0,13,0,0,3,0,19,20,0,0,0,0,0,0,0,0,0,0,0,0,0,0,0,0,0,0,0,0,3,0,10,0,0,0,0,0,0,0,0,0,6,0,0,0,2,0,0,0,0,0,0,0,0,1,0,2,0,0,2,0,0,0,1,0,0,0,0,0,0,2,0,0,0,0,0,0,0,1,0,0,0,0,5,0,0,0,3,0,0,0,0,0,0,0,0,0,0,0,0,0,0,0,0,16,0,0,0,0,0,0,0,0,0,0,8,0,0,0,0,0,0,0
"Berkeley, George",18,30,16,0,0,1,0,47,10,0,202,0,3,0,33,0,0,0,0,12,21,34,0,0,8,2,0,0,0,2,0,0,0,0,2,0,1,16,0,0,0,0,0,0,1,2,0,0,3,17,0,1,0,0,0,0,0,1,0,0,0,0,0,1,0,0,0,0,1,0,0,0,0,0,0,3,0,0,0,11,0,2,0,1,0,0,0,0,0,0,20,0,0,1,0,1,0,0,0,0,0,0,0,0,0,0,0,0,0,0,1,0,0,0,0,0,0,0,0,0,0,2,2,0,0,0,2,0,0,0,0,0,2,0,1,0,0,0,0,0,0,0,0,0,0,0,0,0,0,0
"Strauss, David Friedrich",32,4,40,22,10,14,0,0,0,0,0,0,8,0,0,4,0,0,0,14,0,0,0,0,0,96,0,0,0,6,0,0,0,4,0,0,0,0,0,0,0,0,0,0,0,0,0,0,0,0,0,4,0,0,0,0,0,0,0,0,0,0,0,8,0,0,0,0,0,0,2,2,8,0,0,0,0,0,0,0,2,2,0,0,0,0,0,0,0,0,0,0,0,0,0,0,0,0,0,0,0,0,0,0,0,0,0,0,0,0,0,0,0,0,0,0,0,0,0,0,0,0,0,0,0,0,0,0,0,2,0,0,0,0,0,0,0,0,0,0,0,0,0,0,0,0,0,0,0,0
Euripides,0,3,0,0,0,0,0,0,0,0,0,0,0,0,0,1,0,0,0,0,0,0,0,0,0,0,0,0,0,0,0,0,0,0,0,0,0,0,0,0,0,0,0,0,0,0,0,0,0,0,0,0,0,0,0,0,0,0,0,0,0,0,0,0,0,0,0,0,0,1,1,0,1,3,0,0,0,0,7,0,0,0,0,0,0,0,0,0,0,0,0,0,0,0,0,0,0,0,0,0,0,0,0,0,0,0,0,0,0,0,0,0,0,0,0,0,0,0,0,0,0,0,0,0,0,0,0,0,0,0,1,0,0,0,0,0,0,0,0,0,0,0,0,0,0,0,0,0,0,0
"Gage, Matilda Joslyn",4,6,0,44,8,24,0,0,12,0,6,0,0,0,0,0,6,12,2,0,30,0,0,0,4,2,0,0,0,0,0,0,2,0,0,0,0,0,0,0,0,0,0,4,0,0,4,0,0,0,0,0,0,0,0,4,2,0,0,0,0,0,0,2,0,4,0,0,0,0,0,0,0,0,0,2,2,0,0,0,0,4,0,2,0,0,0,4,0,0,2,0,0,0,0,0,0,4,0,0,0,0,0,0,0,6,0,0,0,6,0,0,0,0,0,0,0,6,0,4,0,0,0,0,0,0,0,0,0,0,0,0,4,6,0,0,4,0,0,0,0,0,12,0,0,0,0,0,0,0
"Whitefield, George",0,0,0,0,0,0,0,1,0,0,0,0,0,0,0,0,0,0,34,0,0,1,0,0,0,0,0,0,0,0,0,0,0,0,0,0,0,0,0,0,0,0,0,0,0,0,0,0,0,0,0,0,0,0,0,0,0,0,0,0,0,0,0,0,0,0,0,0,0,0,0,0,0,0,0,0,0,0,1,0,0,0,0,0,0,0,19,0,0,0,1,0,0,3,0,0,0,0,0,0,0,0,0,0,0,0,0,0,0,0,0,0,0,0,1,0,0,0,0,0,0,0,0,0,12,0,0,0,0,0,0,0,0,0,7,0,0,0,0,0,0,0,0,0,0,0,0,0,0,0
"Emerson, Ralph Waldo",80,16,4,15,50,11,2,28,46,14,28,50,1,134,8,38,0,53,8,2,109,1,0,0,8,0,0,0,7,1,28,0,2,7,0,0,9,1,8,0,8,0,2,0,10,3,2,0,0,0,0,3,4,0,0,24,0,2,0,0,17,0,72,3,0,3,0,0,4,17,3,0,0,0,0,0,2,3,3,0,0,0,0,20,6,6,0,24,0,26,2,1,0,0,0,0,0,0,0,0,0,0,2,0,0,0,0,0,1,0,0,0,0,0,3,0,8,0,0,0,0,0,5,0,0,0,0,0,1,9,0,0,1,0,4,0,0,8,2,1,1,0,0,0,0,2,0,0,0,2
Plotinus,577,196,10,0,13,2,0,0,1,33,1,1,8,2,2,23,4,0,0,1,0,0,0,0,0,10,2,0,0,3,1,0,14,0,0,0,4,0,2,0,0,0,0,1,0,0,0,0,0,0,0,0,0,0,0,0,0,0,3,0,0,0,0,0,0,0,0,0,3,1,0,1,1,0,0,0,0,0,0,0,8,2,1,0,0,6,0,4,0,0,0,0,0,0,0,2,0,0,0,0,0,0,0,0,0,0,0,0,0,0,0,0,0,0,0,0,0,0,0,0,0,0,0,0,0,0,0,0,0,0,0,0,0,0,0,0,0,0,1,0,0,0,0,0,0,0,0,0,0,0
"Pascal, Blaise",32,18,0,12,13,135,0,2,0,41,0,0,0,2,40,4,0,0,0,0,5,0,0,0,24,5,1,0,0,4,0,0,21,0,0,0,0,2,0,0,0,0,0,0,0,0,1,0,0,0,0,0,0,0,0,0,2,0,0,0,256,0,0,0,0,0,0,0,28,0,0,4,1,0,0,10,0,0,1,0,2,13,0,0,0,34,0,0,0,1,0,0,0,0,0,0,0,0,0,0,0,0,0,0,0,0,0,0,0,0,0,0,0,0,0,0,0,0,0,0,0,0,0,0,1,0,0,0,0,0,0,0,0,0,2,0,0,2,0,0,0,0,0,0,0,0,0,0,0,0
"Moore, G. E. (George Edward)",7,19,33,0,0,0,8,0,0,0,1,0,7,1,0,0,0,2,0,3,0,38,0,0,0,0,0,0,2,0,0,0,0,0,0,0,0,2,10,0,0,0,0,0,0,0,0,0,0,4,0,0,0,0,0,0,0,19,0,0,0,0,0,0,0,0,0,0,0,0,0,0,2,0,0,0,0,20,0,0,0,0,0,0,0,0,0,0,0,0,0,0,2,0,0,0,0,0,0,0,0,0,0,0,0,0,0,0,0,0,0,0,0,0,0,0,0,0,0,0,0,0,0,71,0,0,0,0,0,0,0,0,0,0,0,0,0,0,0,0,0,0,0,0,0,0,0,0,0,0
"Bergson, Henri",89,204,257,0,0,0,95,6,0,0,0,0,0,1,85,0,0,1,0,94,0,0,0,1,0,0,0,0,0,0,0,1,0,0,0,0,0,0,0,0,0,0,0,0,66,5,0,0,6,111,0,0,0,0,0,0,0,0,1,0,0,0,0,0,0,0,0,6,0,0,0,0,0,0,0,4,0,0,2,4,0,0,0,0,0,0,0,0,9,0,0,11,0,2,1,0,0,0,0,0,0,0,6,0,0,0,2,0,0,0,0,0,0,8,0,0,0,0,0,0,0,0,0,0,0,0,0,0,0,0,0,0,0,0,0,0,0,0,0,0,1,0,0,0,0,0,0,0,0,0
"Huxley, Thomas Henry",14,9,53,12,6,5,427,30,21,6,12,16,1,9,90,1,3,7,3,15,21,284,0,1,6,3,0,0,6,4,11,0,11,0,10,0,3,4,23,7,0,0,0,1,0,6,1,0,0,0,0,2,0,1,0,2,1,0,1,0,0,2,6,7,82,0,0,0,2,0,0,0,0,0,0,1,0,0,0,0,2,1,0,1,2,2,1,0,0,0,0,3,2,0,0,0,0,5,0,0,0,0,7,3,0,1,0,2,0,0,9,0,0,0,0,0,0,0,1,0,0,5,0,0,4,5,4,0,0,3,0,0,2,0,4,2,0,4,0,0,0,16,0,0,0,4,0,0,1,0
"Leibniz, Gottfried Wilhelm, Freiherr von",48,94,0,34,8,104,0,10,4,52,38,0,0,0,104,24,0,0,0,74,0,0,0,0,0,30,4,0,0,2,0,0,10,0,20,0,4,126,8,0,8,0,0,0,0,4,0,0,0,0,0,0,0,4,0,0,10,0,6,0,0,0,0,6,0,0,0,0,2,2,0,10,6,4,0,6,0,0,0,0,6,26,2,0,0,4,8,0,0,0,0,0,0,0,0,0,0,0,0,8,0,0,0,0,0,4,0,0,0,0,0,0,0,0,0,0,0,0,0,0,0,0,0,0,0,0,0,0,4,0,0,0,0,0,0,0,4,0,18,6,0,0,0,0,0,0,0,0,0,0
"Frazer, James George",102,76,4,23,209,73,52,11,42,73,0,0,27,11,0,643,56,1,0,0,68,4,0,0,6,19,110,0,1,306,0,0,35,40,0,2,19,0,7,8,74,9,0,0,4,1,45,0,1,0,0,0,1,0,0,0,17,10,13,0,7,31,6,8,0,310,0,0,34,41,79,17,147,244,0,35,0,0,5,0,23,0,49,0,0,3,15,0,0,9,72,0,0,100,0,0,10,0,0,15,0,0,0,0,0,2,0,16,0,0,0,7,0,0,1,40,0,0,3,17,0,0,4,0,9,56,31,0,0,4,0,133,0,3,0,93,0,9,0,0,9,0,0,3,0,9,0,0,14,20
"Schiller, Friedrich",37,11,68,5,43,0,0,4,3,12,2,85,14,21,6,3,0,3,0,3,8,0,0,0,11,0,0,0,7,24,15,0,15,2,0,8,4,0,2,0,7,0,0,0,2,3,0,0,8,0,0,0,1,0,0,1,0,0,7,0,76,0,0,0,0,0,0,0,0,4,8,0,7,0,0,0,0,0,2,0,2,0,0,0,0,4,0,0,0,0,0,0,0,0,0,0,0,0,0,0,0,0,0,0,0,0,0,4,0,0,1,0,0,0,0,0,0,0,0,0,0,0,0,0,0,0,0,0,0,1,0,3,0,0,0,0,0,3,0,0,0,0,0,0,0,0,0,0,0,0
Confucius,2,2,0,0,2,0,0,0,0,0,0,0,0,2,0,0,0,0,0,0,0,0,0,0,1,0,0,0,0,0,0,0,0,0,0,0,0,0,0,0,0,0,0,0,0,0,0,0,0,0,0,0,0,0,0,0,0,0,0,0,0,0,0,0,0,0,0,0,0,0,0,0,0,0,0,0,0,0,2,0,0,0,0,1,0,0,0,0,9,0,0,0,0,0,0,0,0,0,0,0,0,0,0,0,0,0,0,0,0,0,0,0,0,0,0,0,0,0,0,0,0,0,0,0,0,0,0,0,0,1,0,0,0,0,0,0,0,0,0,11,0,0,0,0,0,0,0,0,0,0
"Melanchthon, Philipp",8,6,0,15,0,39,0,0,0,0,0,0,0,0,0,0,0,0,0,0,0,0,0,0,0,1,0,0,0,0,0,0,0,0,0,0,1,0,0,0,0,0,0,0,0,0,0,0,0,0,0,0,0,0,0,0,14,0,0,0,0,0,0,0,0,0,0,0,0,0,0,0,1,0,0,0,0,0,0,0,0,0,0,0,0,0,0,0,0,0,0,0,0,0,0,0,0,0,0,0,1,0,0,0,0,0,0,0,0,0,0,0,0,0,0,0,0,0,0,0,0,0,0,0,0,0,0,0,0,0,0,0,0,0,0,0,0,0,0,0,0,0,0,0,0,0,0,0,0,0
"Muhammad, Prophet",1,0,0,0,0,0,0,0,2,0,0,0,0,2,0,0,0,0,0,0,0,0,0,0,0,0,0,0,0,0,0,0,0,0,0,0,0,0,0,0,0,0,0,0,0,0,0,0,0,0,0,0,0,0,0,0,0,0,0,0,0,0,3,0,0,0,0,0,0,0,0,0,0,0,0,0,0,0,33,0,0,0,0,0,0,0,1,1,0,0,0,0,0,0,0,0,0,0,0,0,0,0,0,0,0,0,0,0,0,0,0,0,0,0,0,0,0,0,0,0,0,0,0,0,0,0,0,0,0,0,0,0,0,0,1,0,0,0,0,0,0,0,0,0,0,0,0,0,0,0
"Franklin, Benjamin",2,2,0,8,2,0,0,10,4,0,6,0,0,0,0,4,2,0,5,0,4,1,0,0,2,0,0,0,16,6,0,0,0,2,0,15,0,0,0,0,0,188,0,0,0,0,0,0,0,0,0,0,0,0,0,0,0,0,0,0,0,0,0,0,0,0,0,0,0,0,0,0,0,0,0,0,10,0,3,0,0,0,2,0,2,0,26,0,0,2,0,0,0,0,0,0,0,0,0,0,0,0,0,0,0,6,0,1,0,0,10,0,0,0,0,0,0,0,0,0,0,22,0,0,0,0,0,0,0,0,0,0,4,0,14,0,17,0,0,0,0,2,0,0,0,0,0,0,0,0
"Ambrose, Saint, Bishop of Milan",4,2,0,0,22,12,0,0,0,16,0,0,0,0,0,2,0,0,0,0,0,0,0,0,0,8,14,0,0,18,0,0,0,0,0,0,8,0,0,0,0,0,0,0,14,0,0,0,0,0,0,0,0,0,0,0,0,0,0,0,0,0,0,0,0,0,0,0,2,4,0,0,0,0,0,0,0,0,4,0,0,0,0,0,0,0,0,0,0,0,0,0,0,0,0,0,0,0,0,0,0,0,0,0,0,0,0,0,0,0,0,0,0,0,0,0,0,0,0,0,0,0,0,0,0,0,0,0,0,0,0,0,0,0,0,0,0,0,0,0,0,0,0,0,0,0,0,0,0,0
"Russell, Bertrand",138,61,290,2,13,2,33,88,18,1,54,2,99,17,124,0,0,41,0,55,4,81,0,0,3,0,0,0,21,1,6,17,0,0,366,0,0,3,120,0,0,0,0,0,1,0,8,114,0,104,0,6,35,0,0,2,0,0,0,108,2,0,18,0,0,0,100,12,0,0,0,0,0,0,0,1,0,1,0,0,3,3,0,4,0,0,0,0,0,2,0,9,0,0,14,2,0,0,0,0,0,12,8,0,0,2,5,0,0,0,3,16,0,2,1,0,0,6,0,0,0,0,1,0,3,0,0,0,0,0,9,0,0,0,0,0,14,0,0,1,0,0,0,0,0,15,1,0,4,0
"Lucretius Carus, Titus",0,0,0,0,2,0,0,0,0,0,0,0,0,0,0,0,0,0,0,0,0,0,0,0,0,0,0,0,0,0,0,0,0,0,0,0,0,0,0,0,0,0,0,0,0,0,0,0,0,0,0,0,0,0,0,0,0,0,0,0,0,0,0,0,0,0,0,0,0,0,0,0,0,0,0,0,0,0,27,0,0,0,0,0,0,0,0,0,0,0,0,0,0,0,0,0,0,0,0,0,0,0,0,0,0,0,0,0,0,0,0,0,0,0,0,0,0,0,0,0,0,0,0,0,0,0,0,0,0,0,0,0,0,0,0,0,0,0,0,0,0,0,0,0,0,0,0,0,0,0
"Marx, Karl",5,16,0,6,1,0,1,0,0,0,21,0,8,2,0,0,0,58,0,2,0,37,0,0,0,0,0,0,0,0,0,0,0,5,0,0,0,1,8,0,1,0,0,0,0,1,1,0,0,0,0,0,0,0,0,9,0,0,0,0,0,0,0,0,0,1,0,0,0,0,0,0,0,0,0,9,0,0,0,0,0,0,0,0,0,0,0,0,0,0,0,0,0,0,0,3,0,0,0,0,0,0,0,0,0,0,0,2,2,0,0,5,0,0,0,0,0,3,0,0,0,0,0,0,0,0,0,0,0,0,0,0,0,0,0,0,0,0,0,0,0,0,0,0,0,0,0,0,0,0
"Montaigne, Michel de",232,91,0,2,36,8,0,0,3,235,0,0,0,2,0,148,0,0,0,0,0,0,0,0,4,2,24,0,5,49,3,0,156,41,0,0,49,4,0,0,6,0,0,0,0,1,0,0,0,0,0,0,0,0,0,0,0,0,74,0,0,0,0,3,0,0,0,0,5,3,2,0,1,1,0,3,0,0,0,29,3,2,9,0,0,2,0,0,0,0,1,0,0,0,0,0,0,0,0,0,0,0,0,0,0,4,0,5,0,0,0,0,0,0,0,0,0,0,0,0,0,0,3,0,0,0,0,0,2,0,0,0,0,0,0,0,0,0,0,0,0,0,0,0,0,0,0,0,0,0
"Wilde, Oscar",12,3,0,0,0,0,2,0,2,0,0,6,0,57,0,0,1,4,0,3,8,0,0,0,0,0,0,0,1,0,33,0,0,0,0,0,0,0,3,1,3,0,0,2,0,0,0,0,0,0,0,0,0,0,0,0,0,0,0,0,5,0,2,0,0,0,0,0,0,2,0,0,0,0,0,6,0,0,4,0,2,0,0,1,0,0,0,0,0,0,20,0,0,0,0,0,1,0,0,0,0,0,0,0,0,0,1,0,0,0,0,0,0,0,0,0,0,0,0,0,0,0,0,0,0,0,0,3,0,0,0,0,0,0,1,0,0,0,0,0,0,0,0,0,0,0,0,0,0,0
"Carlyle, Thomas",9,0,1,172,19,6,0,2,4,1,0,37,2,1,0,0,0,76,0,0,8,8,0,0,21,0,1,0,40,2,202,0,2,0,0,0,24,0,0,0,0,0,0,1,0,0,0,0,0,0,0,7,0,0,0,1,0,0,0,0,0,0,0,0,0,10,0,0,0,1,0,0,0,0,0,9,0,23,1,0,0,0,0,8,2,0,0,0,0,0,0,0,0,0,0,0,0,0,0,0,0,0,3,0,0,0,0,0,0,0,0,0,0,0,0,0,6,0,0,0,0,0,0,0,0,0,0,0,0,0,0,0,0,0,4,0,0,5,0,0,1,0,0,0,0,0,0,0,0,0
"Erasmus, Desiderius",66,20,0,2,50,5,0,0,4,25,0,0,0,1,0,4,0,0,0,0,0,0,0,0,0,2,6,0,0,14,0,0,17,0,4,4,4,0,0,0,8,0,0,0,0,0,0,0,0,0,0,0,0,0,0,0,0,0,3,0,0,0,0,0,0,0,1,0,0,4,6,0,24,2,0,1,0,0,2,0,0,2,2,0,0,0,0,0,0,0,0,0,0,0,0,0,2,0,0,0,0,0,0,0,0,0,0,0,0,0,0,0,0,0,0,0,0,0,0,0,0,0,0,0,0,0,0,0,2,0,0,0,0,0,0,0,0,0,0,0,0,0,0,0,0,0,0,0,0,0
"Bute, John Patrick Crichton-Stuart, Marquess of",0,0,0,0,2,0,0,0,0,0,0,0,0,0,0,0,0,0,0,0,0,0,0,0,0,0,0,0,0,0,2,0,0,0,0,0,0,0,0,0,0,0,0,0,0,0,0,0,0,0,0,0,0,0,0,0,0,0,0,0,0,0,0,0,0,0,0,0,0,0,0,0,6,0,0,0,0,0,0,0,0,0,0,0,0,0,0,0,0,0,0,0,0,0,0,0,0,0,0,0,0,0,0,0,0,0,0,0,0,0,0,0,0,0,0,0,0,0,0,0,0,0,0,0,0,0,0,0,0,0,0,0,0,0,1,0,0,0,0,0,1,0,0,0,0,0,0,0,0,0
"Grimm, Jacob",0,0,0,0,0,0,0,0,6,0,0,0,0,0,0,0,0,0,0,0,0,0,0,0,0,0,0,0,0,0,0,0,0,0,0,0,0,0,0,0,0,0,0,0,0,0,0,0,0,0,0,0,0,0,0,0,0,0,0,0,0,0,0,0,0,0,0,0,0,0,0,0,0,0,0,0,0,0,0,0,0,0,0,0,0,0,0,0,0,0,2,0,0,0,0,0,0,0,0,0,0,0,0,0,0,0,0,0,0,0,0,0,0,0,0,0,0,0,0,0,0,0,0,0,0,0,0,0,0,4,0,0,0,0,0,0,0,0,0,0,0,0,0,0,0,0,0,0,0,0
"Einstein, Albert",0,0,0,0,0,0,0,83,0,0,0,0,0,0,0,0,0,0,0,0,0,0,0,0,0,0,0,0,0,0,0,0,0,0,97,0,0,0,0,0,0,0,0,0,0,0,0,0,0,0,0,0,0,0,0,0,0,0,0,0,0,0,0,0,0,0,0,0,0,0,0,0,0,0,0,0,0,0,0,0,0,0,0,0,0,0,0,0,0,0,0,3,0,0,0,0,0,0,0,0,0,0,0,0,0,0,0,0,0,0,0,0,0,0,0,0,0,0,0,0,0,0,0,0,0,0,0,0,0,0,0,0,0,1,0,0,0,0,0,0,0,0,0,0,5,16,0,0,7,0
"Freud, Sigmund",13,15,12,1,7,3,29,0,2,6,0,83,2,26,0,2,0,27,0,0,0,2,0,14,0,0,0,0,1,1,2,7,0,0,0,0,0,0,0,0,1,0,0,0,0,0,0,0,0,0,222,30,0,0,0,1,0,0,4,0,0,4,0,0,0,2,0,0,0,12,0,0,0,0,0,0,0,0,0,0,0,0,0,0,0,0,0,0,0,0,0,0,0,10,0,0,0,0,0,0,0,4,0,0,0,0,0,0,0,0,0,0,0,109,0,0,0,0,0,0,0,0,0,0,0,0,2,0,0,0,0,0,0,0,0,0,0,0,0,57,0,0,0,0,0,0,0,0,0,0
Ptolemy,5,2,0,0,0,0,0,7,4,6,0,0,0,0,0,0,0,0,0,0,0,0,0,0,1,0,1,0,0,5,0,0,0,0,0,0,0,0,0,0,0,0,0,0,0,0,0,0,0,0,0,0,0,0,0,0,0,0,0,0,0,0,0,0,0,0,0,0,0,0,0,0,0,0,0,0,0,0,0,0,0,0,0,0,0,0,0,0,0,0,0,0,0,0,0,0,0,0,0,2,0,0,0,0,0,0,0,0,0,0,0,0,0,0,0,0,0,0,0,0,0,0,0,0,0,0,0,0,0,0,0,0,0,0,0,0,0,0,0,0,0,0,0,0,0,0,0,0,0,0
Sophocles,0,1,0,0,0,0,0,0,0,0,0,0,0,0,0,0,0,0,0,0,0,0,0,0,0,0,0,0,0,0,0,0,0,0,0,0,0,0,0,0,9,0,0,0,0,0,0,0,0,0,1,0,0,0,0,0,0,0,0,0,0,0,0,0,0,0,0,0,0,0,0,0,0,2,0,0,0,0,4,0,0,0,0,0,0,0,0,0,0,0,0,0,0,0,0,0,0,0,0,0,0,0,0,0,0,0,1,0,0,0,0,0,0,0,0,0,0,0,0,0,0,0,0,0,0,0,0,0,0,0,0,0,0,0,0,0,0,0,0,0,0,0,0,0,0,0,0,0,0,0
Aristophanes,2,0,0,0,5,0,0,0,0,0,0,0,0,10,0,0,0,0,0,0,0,0,0,0,0,0,0,0,0,0,1,1,0,0,0,0,0,0,0,0,3,0,0,0,0,0,0,0,0,0,0,0,0,0,0,0,0,0,0,0,0,0,0,0,0,0,0,0,0,0,0,0,0,0,0,0,0,0,0,0,0,0,0,0,0,0,0,0,0,0,0,0,0,0,0,0,0,0,0,0,0,0,0,0,0,0,0,0,0,0,0,0,0,0,0,0,0,0,0,0,0,0,0,0,0,0,0,0,0,1,0,0,0,0,0,0,0,0,0,0,0,0,0,0,0,0,0,0,0,0
"Maimonides, Moses",13,179,0,0,0,0,0,0,0,0,0,0,0,0,0,0,0,0,0,1,0,0,0,0,0,0,0,0,0,0,0,0,0,0,1,0,0,0,0,0,0,0,0,0,0,0,0,0,0,0,0,0,0,0,0,0,0,0,0,0,0,0,0,0,0,0,0,0,7,0,0,0,0,0,199,0,0,0,3,0,0,0,0,0,0,0,0,0,0,0,0,0,0,0,0,0,0,0,0,0,0,0,0,0,0,0,0,0,0,0,0,0,0,0,0,0,0,0,0,0,0,0,0,0,0,0,0,0,0,0,0,0,0,0,0,0,0,0,0,0,0,0,0,0,0,0,0,0,0,0
"Lucian, of Samosata",3,0,0,0,20,0,0,0,0,1,0,0,0,0,0,0,0,0,0,0,0,0,0,0,0,0,0,0,0,0,0,0,0,0,0,0,3,0,0,0,0,0,0,0,0,0,0,0,0,0,0,0,0,0,0,0,0,0,0,0,0,0,0,0,0,0,0,0,0,0,2,0,0,0,0,0,0,0,0,0,0,0,0,0,0,0,0,0,0,0,0,0,0,0,0,0,0,0,0,0,0,0,0,0,0,0,0,0,0,0,0,0,0,0,0,0,0,0,0,0,0,0,0,0,0,0,0,0,0,0,0,0,0,0,0,0,0,0,0,0,0,0,0,0,0,0,0,0,0,0
"Hippolytus, Antipope",97,77,0,0,20,5,1,2,0,6,0,1,0,0,0,11,1,0,0,0,3,0,0,0,0,45,4,0,0,0,0,0,0,0,0,0,11,0,0,0,2,0,0,0,0,0,2,0,0,0,0,0,0,0,0,0,1,1,0,0,0,0,0,0,0,0,0,0,21,0,0,0,14,0,0,0,0,0,6,0,1,0,10,0,1,0,0,0,0,4,0,1,0,0,0,2,0,0,0,0,0,0,0,0,29,0,0,0,0,0,0,0,0,0,0,0,0,0,6,0,0,1,0,0,0,0,1,0,0,0,0,0,0,0,0,0,0,0,0,0,0,0,0,9,0,0,0,0,0,0
"Maimon, Solomon",2,2,23,0,2,0,0,3,0,0,6,1,0,0,2,0,0,0,0,7,0,3,0,0,0,0,0,0,0,0,0,0,0,0,0,0,0,0,0,0,0,0,0,0,0,0,0,0,0,0,0,0,0,0,0,0,0,7,0,0,0,0,0,0,0,0,0,0,0,0,0,18,0,0,0,0,1,0,0,0,0,0,0,0,0,0,0,0,0,0,0,0,0,0,0,0,0,0,0,0,0,0,0,0,0,0,0,0,0,0,0,0,0,0,0,0,0,0,0,0,0,0,0,0,0,0,0,0,0,0,0,0,0,0,0,0,0,0,0,0,0,0,0,0,0,0,0,0,0,0
"Della Casa, Giovanni",1,1,0,0,0,0,0,0,1,1,1,0,0,0,0,1,2,0,0,0,0,0,0,0,0,0,0,0,0,0,0,0,0,0,1,13,0,0,0,0,0,0,0,0,0,0,0,0,0,0,0,0,0,0,0,0,0,0,0,0,0,3,0,2,0,0,1,0,0,0,1,0,0,0,0,0,0,0,0,0,0,0,1,0,0,0,0,0,0,0,0,0,0,0,0,0,5,0,0,0,0,0,0,0,0,0,0,0,0,0,0,0,0,0,0,0,0,0,0,0,0,0,1,0,0,0,0,0,0,0,0,0,0,0,0,0,0,0,0,0,0,0,3,0,0,0,0,0,0,0
"Jefferson, Thomas",3,0,0,0,4,0,0,5,4,4,0,0,0,0,0,0,6,0,0,0,41,0,0,0,1,0,0,0,0,1,0,0,1,4,0,2,0,0,3,0,1,75,0,0,0,0,1,0,0,0,0,0,0,0,0,103,0,0,0,0,0,0,0,0,0,1,0,0,0,1,0,0,0,0,0,0,0,0,0,0,0,0,0,0,9,1,0,0,0,1,0,0,0,0,0,0,0,0,1,0,0,0,0,0,0,0,0,5,0,0,0,0,0,0,0,0,3,0,0,0,0,0,0,0,1,0,8,0,0,1,0,0,0,1,0,1,0,0,0,0,0,0,0,0,0,0,0,0,0,0
"Bentham, Jeremy",1,1,0,2,0,0,0,2,0,0,4,0,0,0,0,0,4,1,0,0,3,1,0,0,0,0,0,0,0,0,0,0,0,0,0,1,0,0,0,0,0,0,0,0,0,0,0,0,0,0,0,0,0,0,0,2,0,0,0,0,0,0,0,0,0,0,0,0,0,0,0,0,0,0,0,0,4,0,0,0,1,0,0,0,0,0,0,0,0,0,1,0,0,0,0,0,0,0,0,0,0,0,0,0,0,0,0,0,0,0,0,0,0,0,0,0,0,0,0,0,0,0,0,0,0,0,0,0,0,0,0,0,0,0,0,0,0,0,0,0,0,0,0,0,0,0,0,0,0,0
"Twain, Mark",8,1,0,1,2,2,0,1,20,1,0,0,0,7,0,0,2,84,0,0,1,7,0,0,0,0,1,0,0,1,4,0,0,1,1,0,2,0,1,0,1,0,0,0,0,0,4,0,0,0,1,0,0,0,5,4,0,1,0,0,0,0,0,0,0,0,0,0,0,0,1,0,0,0,0,0,5,0,0,0,1,0,0,1,0,0,0,0,0,0,4,0,0,0,4,0,1,0,0,0,0,0,1,0,0,2,0,2,0,0,0,0,0,0,0,0,4,3,0,0,0,0,0,0,3,0,0,0,1,5,0,0,4,0,0,0,0,0,0,0,8,0,0,0,3,0,0,0,0,1
"Ferri, Enrico",3,3,0,0,0,0,120,0,0,0,0,3,1,1,0,0,0,2,0,0,1,0,0,0,0,0,0,0,2,0,0,0,0,0,0,0,0,1,0,0,0,0,0,0,0,0,0,0,1,0,0,0,0,0,0,0,1,0,1,85,0,0,0,0,0,0,0,0,0,0,0,0,0,0,0,8,0,0,0,0,0,0,0,0,0,0,0,0,0,0,0,0,0,0,0,0,0,0,0,0,0,0,1,12,0,0,0,0,0,0,0,0,0,0,0,0,0,0,0,0,0,0,0,0,0,0,0,0,0,0,0,0,0,0,0,0,0,0,0,0,0,0,0,0,0,0,0,0,0,0
"Aurelius, Emperor of Rome",91,5,0,0,12,0,0,0,2,17,1,0,0,0,0,11,0,0,0,0,1,0,0,0,1,0,0,0,0,0,0,0,15,10,0,0,18,0,0,0,20,0,0,0,1,0,0,0,0,0,0,0,0,0,0,0,0,2,0,0,1,0,0,0,0,0,0,0,0,5,5,0,0,0,0,0,0,0,0,0,0,0,9,0,0,107,0,6,0,0,0,0,0,0,0,0,0,0,0,0,0,0,0,0,0,0,0,0,0,0,0,0,0,0,0,0,0,0,0,0,0,0,0,0,1,0,0,0,1,0,0,0,0,0,2,0,0,0,0,0,0,0,0,0,0,0,0,0,0,0
"Aquinas, Saint",279,290,0,1,0,1416,0,0,0,57,0,0,0,0,0,0,1,0,0,0,0,0,0,0,0,109,782,0,0,4,0,0,60,0,5,0,0,0,0,0,0,0,0,0,8,0,0,0,0,0,0,0,0,0,0,0,295,0,0,0,0,0,0,0,0,0,0,0,5,0,1,0,0,0,0,0,0,0,1,0,0,0,0,0,0,0,0,0,0,0,0,0,0,0,0,0,0,0,0,0,0,0,0,0,0,0,0,0,0,0,0,0,57,0,0,0,0,0,0,0,0,0,0,0,1,0,0,0,0,0,0,0,0,0,0,0,0,0,203,0,0,0,0,0,0,0,0,0,0,0
Theophrastus,3,23,0,0,2,0,0,0,2,0,0,0,0,0,0,0,0,0,0,0,0,0,0,0,0,0,0,0,0,0,0,0,0,0,0,0,3,0,0,0,0,0,0,0,0,0,0,0,0,0,0,0,0,0,0,1,0,0,0,0,0,0,0,0,0,0,0,0,1,0,0,0,0,0,0,0,0,0,0,0,0,0,0,0,0,0,0,0,0,0,0,0,0,0,0,0,0,0,0,0,0,0,0,0,0,0,0,0,0,0,0,0,0,0,0,0,0,0,0,0,0,0,0,0,0,0,0,0,0,0,0,0,0,0,0,0,0,0,0,0,0,0,0,0,0,0,0,0,0,0
"Coleridge, Samuel Taylor",96,43,46,67,32,23,12,37,47,17,31,24,0,62,5,2,4,2,10,15,111,16,0,0,2,10,1,0,2,24,17,0,12,10,1,1,0,25,11,0,13,7,0,0,15,2,5,0,0,0,0,25,0,0,0,0,0,0,3,0,0,16,3,8,0,0,0,0,0,12,3,2,0,1,0,2,0,3,0,0,1,2,0,0,2,3,0,4,0,29,9,1,0,4,0,0,1,0,0,0,0,0,0,0,0,0,0,0,2,0,1,0,0,0,0,0,0,1,0,0,0,10,10,0,0,0,0,0,0,1,0,0,1,0,7,0,10,4,0,0,0,0,0,0,0,1,0,0,0,0
"Herschel, John F. W. (John Frederick William)",2,18,0,0,0,0,0,124,56,2,0,0,0,0,0,0,0,0,0,0,0,0,0,0,0,0,0,0,0,0,0,0,0,0,0,0,0,0,0,0,0,0,0,0,0,4,0,0,0,0,0,2,0,0,0,4,0,0,0,0,0,0,0,4,0,0,0,0,0,0,0,0,0,0,0,0,0,0,0,0,0,0,2,0,0,0,0,0,0,0,0,4,0,0,0,0,0,0,0,0,0,0,24,0,0,0,0,0,0,0,16,0,0,0,0,2,0,0,0,0,0,0,0,0,0,0,0,0,0,0,0,0,2,0,0,0,0,0,0,0,0,0,0,0,0,0,0,0,0,0
Epictetus,26,4,5,1,13,5,0,0,2,4,2,2,2,0,4,1,0,0,0,2,0,6,0,2,0,1,0,0,2,1,2,4,14,5,0,2,42,2,2,0,11,0,0,2,0,4,0,2,0,2,0,0,0,0,0,0,0,2,0,0,2,0,1,4,0,0,0,0,0,2,0,0,4,0,0,0,0,0,0,0,7,0,0,0,0,0,0,0,0,0,0,0,0,0,0,6,0,0,0,0,0,0,0,0,0,0,0,0,0,0,0,0,0,0,0,0,0,0,0,0,0,0,0,0,0,0,0,0,2,0,2,0,0,0,0,0,0,0,2,0,0,0,0,0,0,0,0,0,0,0
"Newcastle, Margaret Cavendish, Duchess of",15,3,0,0,0,0,0,0,0,0,0,0,0,0,0,1,0,0,0,0,0,0,0,0,0,0,0,0,0,1,0,0,0,0,0,0,0,2,0,0,0,0,0,0,0,0,0,0,0,0,0,0,0,0,0,0,0,0,0,0,0,0,0,0,0,0,0,0,0,0,0,0,4,0,0,0,0,0,0,0,0,0,0,0,0,0,0,0,0,0,1,0,0,0,0,0,0,0,0,0,0,0,0,0,0,0,0,0,0,0,0,0,0,0,0,0,0,0,0,0,0,0,0,0,0,0,0,0,0,0,0,0,0,0,0,0,0,0,0,0,0,0,0,0,0,0,0,0,0,0
"Swedenborg, Emanuel",6,5,0,4,0,0,0,2,0,1,0,0,0,0,0,0,0,0,0,0,0,0,0,0,0,0,0,0,0,0,0,0,0,2,0,0,3,0,0,0,0,0,0,0,0,0,0,0,0,0,0,0,0,0,0,0,0,0,0,0,0,0,0,0,0,0,0,0,0,0,0,0,0,0,0,0,0,0,5,0,0,0,0,0,0,0,0,0,0,0,0,0,0,0,0,0,0,0,0,1,0,0,0,0,0,0,0,0,0,0,0,0,0,0,0,0,0,0,0,0,0,0,0,0,0,0,0,0,1,0,0,0,0,0,0,0,0,0,0,0,0,0,0,0,0,0,0,0,0,0
"Jennings, Hargrave",0,0,0,0,4,0,1,0,0,0,0,0,0,1,0,6,0,0,0,0,0,0,0,0,1,0,3,0,0,0,0,0,0,0,0,0,1,0,0,0,0,0,0,0,0,0,1,0,0,0,0,0,0,0,0,0,0,0,0,0,0,0,0,0,0,0,0,0,2,0,0,0,2,0,0,0,0,0,1,0,0,0,2,0,0,0,0,0,0,0,0,0,0,0,0,0,0,0,0,1,0,0,0,0,0,0,0,0,0,0,0,0,0,0,0,0,0,0,0,0,0,0,0,0,0,1,0,0,0,0,0,0,0,0,0,0,0,0,0,0,0,0,0,0,0,0,0,0,0,0
"Fletcher, Horace",0,2,0,0,0,0,1,0,0,0,0,0,0,0,0,0,0,0,0,0,0,0,0,0,0,0,0,0,0,0,0,0,0,0,0,0,0,0,0,0,0,0,0,0,0,0,0,0,2,0,0,0,0,0,0,0,0,0,0,0,0,0,0,0,0,0,0,0,0,0,0,0,0,0,0,0,0,0,0,0,0,0,0,0,0,0,0,1,0,0,0,0,0,0,0,0,0,0,0,0,0,0,0,0,0,0,0,0,0,0,0,0,0,0,0,0,0,0,0,0,0,0,0,0,2,0,0,0,0,0,0,0,0,0,0,0,0,0,0,0,0,0,0,0,0,0,0,0,0,0
"Barrow, Isaac",1,4,0,0,0,0,0,2,0,3,0,0,0,1,0,1,0,0,0,0,0,0,0,0,0,0,0,0,0,0,0,0,1,0,0,0,0,0,0,0,0,0,0,0,0,0,0,0,0,0,0,0,0,0,0,0,0,0,0,0,0,0,0,0,0,0,0,0,0,0,0,0,0,0,0,0,0,0,0,0,0,0,0,0,0,1,0,0,0,0,0,0,0,0,0,0,0,0,0,0,0,0,0,0,0,2,0,0,0,0,0,0,0,0,0,0,0,0,0,0,0,0,0,0,0,0,0,0,0,0,0,0,0,0,0,0,0,0,0,0,0,0,0,0,0,2,0,0,0,0
"Faraday, Michael",0,1,0,0,0,0,0,0,0,0,0,0,0,2,0,2,1,1,0,0,5,7,0,0,0,0,0,0,0,0,0,0,0,0,0,0,0,0,0,0,0,4,0,0,0,4,2,0,0,0,0,0,0,0,0,4,3,14,0,0,0,2,1,0,0,2,0,0,0,0,0,0,0,0,0,1,0,0,11,0,0,0,0,0,10,0,0,0,2,2,0,0,8,0,0,0,0,0,0,1,0,0,0,0,0,5,1,8,0,0,2,0,0,0,3,0,0,0,0,0,0,0,0,0,0,2,2,0,0,0,0,0,0,2,0,0,0,0,0,0,2,1,0,0,1,1,0,0,8,1
"Tyndall, John",9,14,18,1,5,1,62,64,10,0,21,35,0,1,13,1,0,3,0,0,0,4,0,0,0,0,0,0,0,0,0,0,0,0,2,0,1,2,1,0,1,0,0,17,3,4,2,0,17,0,0,2,0,0,0,8,0,1,20,0,0,27,17,0,0,0,0,0,1,0,0,0,0,0,0,0,0,0,0,0,0,3,1,0,23,0,1,1,0,0,0,109,0,0,0,0,0,0,0,0,0,0,7,7,0,0,0,0,0,0,10,0,0,0,24,0,0,0,0,0,0,0,2,0,0,3,4,0,0,0,0,0,0,0,0,3,0,0,0,0,0,79,0,0,0,0,0,0,0,0
"Hervey, Walter Lowrie",0,0,0,0,1,0,0,0,0,0,0,0,0,0,0,0,0,0,0,0,0,0,0,0,0,0,0,0,0,0,0,0,0,0,0,0,0,0,0,0,0,0,0,1,0,0,0,0,0,0,0,0,0,0,0,0,0,0,0,0,0,0,0,0,0,0,0,0,0,0,0,0,0,0,0,0,0,0,1,0,0,0,0,0,0,0,0,0,0,0,0,0,1,0,0,0,0,0,0,0,0,2,0,0,0,0,0,0,0,0,0,0,0,0,0,0,0,0,0,0,0,0,0,0,0,0,0,0,0,0,0,0,0,0,1,0,0,0,0,0,0,0,0,0,0,0,0,0,0,0
"Dewey, John",315,294,726,16,11,8,86,57,105,9,497,12,126,8,112,3,4,27,1,105,4,72,0,7,8,0,0,0,47,0,9,18,6,8,34,0,7,33,30,0,11,0,0,26,6,0,44,38,6,510,2,12,1,0,0,2,0,56,7,16,1,2,30,0,0,2,0,3,1,14,6,0,0,0,0,0,2,203,2,0,12,22,1,0,0,8,0,0,0,2,0,2,0,0,0,1,0,23,0,1,0,16,1,0,0,10,2,0,0,1,1,118,0,31,0,0,0,0,2,0,0,0,0,73,0,0,9,0,4,2,4,0,0,0,2,0,2,0,0,4,0,4,0,2,0,1,0,0,0,0
"Jowett, John Henry",0,0,0,4,0,1,0,1,0,0,0,0,0,0,0,0,4,3,7,0,1,0,0,0,0,0,0,0,0,0,6,0,0,0,0,0,0,0,0,0,0,0,0,2,0,0,0,0,1,0,0,0,0,1,0,0,0,0,0,0,0,0,2,0,0,0,0,0,0,0,0,0,0,0,0,0,0,0,1,0,0,0,0,0,0,0,0,0,0,0,0,0,0,0,0,0,0,0,0,0,0,0,0,0,0,0,1,0,0,0,0,0,0,0,0,0,5,0,0,2,0,0,0,0,0,0,0,0,0,0,0,0,1,0,5,0,0,0,0,0,0,0,0,0,0,3,0,0,0,0
"Giovanni, da Parma",0,0,0,0,0,0,0,0,0,0,0,0,0,0,0,0,0,0,0,0,0,0,0,0,0,0,0,0,0,0,7,0,0,0,0,0,0,0,0,0,0,0,0,0,0,0,0,0,0,0,0,0,0,0,0,0,0,0,0,0,0,0,0,0,0,0,0,0,0,0,0,0,0,0,0,2,0,0,1,0,0,0,0,0,0,0,0,0,0,0,0,0,0,0,0,0,0,0,0,0,0,0,0,0,0,0,0,0,0,0,0,0,0,0,0,0,0,0,0,0,0,0,0,0,0,0,0,0,0,0,0,0,0,0,0,0,0,0,0,0,0,0,0,0,0,0,0,0,0,0
"Grote, George",1463,1199,23,5,175,2,1,9,32,257,15,2,21,2,18,220,0,2,0,2,105,16,0,0,5,12,161,0,2,14,4,0,29,690,10,7,302,51,18,0,41,57,0,0,48,16,0,0,0,0,0,0,1,0,0,1,0,0,43,0,4,0,0,1,0,5,0,0,47,0,158,1,26,22,0,0,0,4,0,2,0,4,178,0,4,6,0,0,0,0,0,0,2,0,0,0,0,0,0,0,0,2,3,0,0,6,0,0,0,0,0,0,0,0,0,0,0,0,0,0,0,5,13,0,0,0,1,0,0,0,0,0,0,0,0,0,0,0,15,0,0,0,0,0,0,0,0,0,0,0
"Bartlett, George Willard",5,2,0,2,0,2,0,0,0,0,0,0,0,0,0,5,2,1,0,0,0,0,0,0,0,2,2,0,0,1,0,0,1,0,0,0,0,0,0,0,0,0,0,0,0,0,0,0,0,0,0,0,0,0,0,0,1,0,0,0,0,0,0,0,0,0,0,0,0,0,0,0,2,0,0,0,0,0,1,0,0,2,0,0,0,0,0,0,0,0,0,0,0,0,0,0,0,0,0,0,0,0,0,6,0,0,0,0,0,0,0,0,0,0,0,0,0,0,0,0,0,0,0,0,0,0,0,0,0,0,0,0,0,0,0,0,0,0,0,0,0,0,3,0,0,0,0,0,0,0
"Hyde, William De Witt",133,68,9,0,0,0,0,0,0,0,0,0,2,1,0,0,2,0,1,2,0,0,0,2,0,0,0,0,0,0,0,0,4,0,0,0,0,0,0,0,0,0,0,4,0,1,0,0,0,0,0,0,0,0,0,0,0,0,2,0,0,0,9,0,0,0,0,0,0,0,0,0,0,0,0,0,0,0,1,0,6,0,0,1,0,12,0,0,0,0,0,0,0,0,0,0,0,0,0,0,0,0,0,0,0,0,3,0,0,0,0,0,0,0,0,0,0,0,0,0,0,0,0,0,1,0,0,0,0,0,0,0,0,0,0,0,0,0,0,0,0,0,0,0,0,0,0,0,2,0
"Dau, W. H. T. (William Herman Theodore)",0,4,0,500,0,8,0,0,0,4,0,0,0,2,0,0,2,0,0,0,0,0,0,0,0,2,0,0,0,0,0,4,2,0,0,0,0,0,0,0,0,0,0,0,0,0,0,0,0,0,0,0,0,50,0,0,2,0,0,0,0,0,2,18,0,0,0,0,0,0,0,0,0,0,0,4,0,0,2,0,0,6,0,2,0,0,0,0,0,0,0,0,0,0,0,0,4,0,0,0,0,0,0,0,0,0,0,0,0,0,0,0,0,0,0,0,0,0,0,0,6,0,0,0,2,0,0,0,2,0,0,0,0,0,0,0,0,2,0,0,0,0,0,0,0,0,0,0,0,0
"Herbart, Johann Friedrich",3,0,14,0,10,0,0,0,0,6,0,0,0,0,0,0,0,0,0,4,0,0,0,1,0,0,0,0,0,2,0,0,0,1,0,0,0,0,0,0,1,0,0,0,0,0,0,0,0,0,0,0,0,0,0,2,0,3,0,0,0,0,0,0,0,0,0,0,0,1,0,0,0,0,0,0,0,0,0,0,0,0,0,0,0,0,0,0,0,0,0,0,0,0,14,0,0,0,0,0,0,0,0,0,0,0,0,0,0,0,0,0,0,2,0,0,0,0,0,0,0,0,0,0,0,0,0,0,0,2,0,0,0,0,0,0,0,0,0,0,0,0,0,0,0,0,0,0,0,0
"Laplace, Pierre Simon, marquis de",0,0,0,0,0,0,0,6,3,1,1,0,0,0,3,0,2,0,0,0,0,0,0,0,0,0,0,0,0,0,0,0,1,0,0,0,0,0,0,0,0,0,0,0,0,13,0,0,0,0,0,0,0,0,0,0,0,0,0,0,0,0,0,0,0,0,0,0,1,0,0,0,0,0,0,0,0,0,0,0,0,0,0,0,3,0,0,0,0,0,0,0,0,0,0,0,0,0,0,0,0,0,0,0,0,0,0,0,0,0,0,0,0,0,0,0,0,0,0,0,0,0,0,0,0,0,0,0,0,0,0,0,0,0,0,0,0,0,0,0,0,0,0,0,0,0,0,0,0,0
"Haeckel, Ernst",29,10,65,8,0,2,81,15,1,0,1,31,1,1,16,0,0,2,0,18,0,3,0,5,1,0,0,0,0,0,0,0,1,0,0,0,0,1,2,11,0,0,0,0,0,0,0,0,10,0,0,3,2,0,0,0,0,0,5,0,0,0,0,0,0,0,0,0,0,0,0,0,0,0,0,0,0,0,0,0,1,0,0,0,0,0,0,0,0,0,0,1,2,0,0,0,0,0,0,0,0,1,15,0,0,0,0,0,0,0,0,0,0,18,0,0,0,0,0,0,0,0,0,0,0,0,0,0,0,0,0,0,0,0,0,0,0,0,0,0,0,0,0,0,0,0,0,0,0,0
"Döllinger, Johann Joseph Ignaz von",0,0,0,3,1,11,0,0,0,2,0,0,0,0,0,0,0,4,0,0,0,0,0,0,0,1,0,0,0,0,5,0,0,0,0,0,0,0,0,0,0,0,0,0,0,0,0,0,0,0,0,0,0,0,0,0,4,0,0,0,0,0,0,0,0,0,0,0,0,1,0,0,0,0,0,7,0,0,0,0,0,6,0,0,0,0,0,0,0,0,0,0,0,0,0,0,2,0,0,0,0,0,0,0,0,0,0,0,0,0,0,0,0,0,0,0,0,0,0,0,0,0,7,0,0,0,0,0,0,0,0,0,0,0,0,0,0,0,0,0,0,1,0,0,1,0,0,0,2,0
"Austin, John Mather",0,0,0,1,0,0,0,1,0,1,0,0,0,0,0,0,0,0,0,0,1,0,0,0,0,0,0,0,0,0,0,0,0,0,0,0,0,0,0,0,0,0,0,0,0,0,0,0,0,0,0,0,1,0,0,1,0,0,0,0,0,0,0,0,0,0,0,0,0,0,0,0,0,0,0,0,1,0,2,0,0,0,0,0,0,0,0,0,0,0,0,0,0,0,0,0,0,0,0,0,0,0,0,0,0,0,0,0,0,0,0,0,0,0,0,0,0,0,0,0,0,0,0,0,1,0,0,0,0,0,0,0,0,0,0,0,0,0,0,0,0,0,0,0,0,0,0,0,0,0
"Ruskin, John",34,11,0,8,60,5,0,8,16,8,17,8,0,14,0,0,13,18,0,0,25,0,368,0,1,0,0,0,2,20,101,0,0,3,3,0,3,0,0,0,4,0,0,3,0,3,2,0,0,0,0,4,0,0,0,0,0,0,0,0,0,0,33,0,0,2,0,0,0,0,14,0,11,2,0,20,0,0,0,0,0,0,0,8,0,1,0,0,0,1,3,0,0,0,0,0,7,0,0,0,0,0,0,0,0,0,0,0,0,0,0,0,0,0,3,0,7,3,0,0,0,0,1,0,0,11,2,0,0,1,0,0,6,1,0,0,0,0,0,0,7,0,0,2,0,0,0,0,0,0
"Buchanan, James",3,1,11,0,0,1,2,13,10,3,13,0,9,0,3,0,4,0,0,59,0,6,0,0,8,0,0,0,1,0,0,0,0,1,0,0,0,2,7,4,0,0,0,0,1,3,0,0,0,0,0,0,0,0,0,1,0,0,6,0,4,0,4,0,0,1,0,0,0,0,0,0,0,0,1,0,0,0,0,0,0,0,0,0,0,0,0,0,0,0,0,1,0,0,0,0,0,0,0,0,0,1,0,0,0,0,0,0,0,0,11,0,0,0,0,0,0,0,0,0,7,27,0,0,0,1,0,0,0,0,0,0,0,0,0,0,0,2,0,0,0,0,0,0,0,0,0,0,0,0
"Spence, Lewis",2,0,0,0,25,2,1,0,2,0,0,0,0,1,0,8,0,0,0,0,12,0,0,0,0,1,0,0,0,33,2,0,2,0,0,0,0,0,0,0,2,0,0,0,0,0,0,0,0,0,35,0,0,0,0,0,0,0,0,0,0,0,0,0,0,7,0,0,0,0,0,0,0,2,0,0,0,0,1,0,0,0,0,0,0,0,0,0,0,1,0,0,0,0,0,0,0,0,0,0,0,0,0,0,0,0,0,0,0,0,0,0,0,0,0,0,0,1,0,0,0,0,0,0,0,0,0,0,0,0,0,0,0,0,0,0,0,0,0,0,0,0,0,0,0,0,0,0,0,0
"Stanton, Elizabeth Cady",2,0,0,6,3,1,0,0,0,0,2,1,0,1,1,0,0,1,0,0,1,0,0,0,0,1,0,0,0,0,0,0,0,0,0,4,0,0,0,0,1,16,0,1,0,0,1,0,0,0,0,0,1,0,0,1,0,1,0,0,0,0,0,1,0,0,0,0,1,0,0,0,0,0,0,0,0,0,3,0,0,0,0,0,0,0,0,0,0,0,0,0,0,0,0,0,0,0,0,0,0,0,0,0,0,0,0,0,0,0,0,0,0,0,0,0,0,6,0,0,5,0,0,0,0,0,0,0,0,0,0,0,0,0,0,0,0,0,0,0,0,0,10,0,0,1,0,0,0,0
"Boyle, Robert",0,0,0,0,0,0,0,0,0,0,0,0,0,0,0,0,0,0,0,0,0,0,0,0,0,1,0,0,0,0,0,0,0,0,0,0,0,0,0,0,0,0,0,0,0,0,0,0,0,0,0,0,0,0,0,0,0,0,0,0,0,0,0,0,0,0,0,0,0,0,0,0,0,0,0,0,0,0,0,4,0,0,0,0,0,0,0,0,0,0,0,0,0,0,1,0,0,0,0,0,0,0,0,0,0,0,0,0,0,0,0,0,0,0,0,0,0,0,0,0,0,0,0,0,0,0,0,0,0,4,0,0,0,0,0,0,0,0,0,0,0,0,0,0,0,0,0,0,0,0
"Bosanquet, Bernard",5,9,0,0,0,0,0,0,4,0,3,1,0,1,0,0,0,0,0,0,0,2,0,3,0,0,0,0,0,0,0,0,0,0,0,0,0,0,1,0,0,0,0,0,0,0,0,0,0,0,0,0,0,0,0,0,0,0,0,0,0,0,0,0,0,0,0,0,0,0,0,0,0,0,0,0,0,0,0,0,0,0,0,0,1,0,0,0,0,0,0,0,0,0,0,0,0,0,0,0,0,0,0,0,0,0,0,0,0,0,0,0,0,0,0,0,0,0,0,0,0,0,0,0,0,0,0,0,0,0,0,0,0,0,0,0,0,0,0,0,0,0,0,0,0,1,0,0,0,0
"Donat, Josef",0,21,77,0,0,0,27,0,0,0,0,0,0,0,0,0,0,2,0,0,0,0,0,0,6,0,0,0,0,0,0,0,0,0,0,0,0,0,0,0,0,0,0,0,0,0,0,0,0,0,0,0,0,0,0,0,0,0,0,0,0,0,0,0,0,0,0,0,0,0,0,0,0,0,0,3,0,0,0,0,0,0,0,0,0,0,0,0,0,0,0,7,0,0,0,0,0,0,0,0,0,0,0,0,0,0,0,0,0,0,5,0,0,12,0,0,0,0,26,0,0,0,0,0,0,0,0,0,0,0,1,0,0,0,0,0,0,0,0,0,0,0,0,0,0,0,0,0,0,0
"Wundt, Wilhelm Max",5,12,6,0,31,5,0,1,0,0,2,4,5,1,3,0,0,0,0,2,0,0,0,0,0,0,0,0,2,6,3,0,1,1,0,0,0,6,0,0,0,0,0,0,0,0,0,0,0,1,8,0,1,0,0,0,0,0,0,0,0,0,1,0,0,2,0,0,0,0,0,0,0,0,0,0,0,0,0,0,0,0,0,0,0,0,0,0,0,0,3,0,0,0,0,0,0,0,0,0,0,1,0,0,0,0,1,0,0,0,0,0,0,0,0,0,0,0,0,0,0,0,0,0,0,0,0,0,0,0,0,0,0,0,0,0,0,0,0,0,0,0,0,0,0,0,0,0,0,0
"Brewer, George",0,0,0,0,0,0,0,0,0,0,1,0,0,0,0,0,0,0,0,0,0,0,0,0,0,0,0,0,0,0,0,0,0,0,0,0,0,0,0,0,0,0,0,0,0,0,0,0,0,0,0,0,0,0,0,0,0,0,0,0,0,0,0,0,0,0,0,0,0,0,0,0,0,0,0,0,0,0,0,0,0,0,0,0,0,0,0,0,0,0,0,0,0,0,0,0,0,0,0,0,0,0,0,0,0,0,0,0,0,0,0,0,0,0,0,0,0,0,0,0,0,0,0,0,0,0,0,0,0,0,0,0,0,0,0,0,0,0,0,0,0,0,0,0,0,0,0,0,0,0
"Melville, Herman",7,2,1,0,0,0,0,0,1,2,23,2,0,1,0,1,0,3,0,1,0,0,0,0,0,0,0,0,1,0,2,0,1,0,2,3,0,1,0,0,0,0,0,0,0,1,0,0,0,0,0,0,0,0,0,1,0,0,0,0,1,0,0,0,0,0,0,0,1,0,0,0,0,0,0,0,1,1,6,0,0,0,0,2,1,0,1,0,0,0,8,0,0,0,0,0,0,0,0,0,0,0,0,0,0,0,0,0,0,0,0,0,0,0,0,0,0,0,0,0,0,0,0,0,0,0,0,0,0,3,0,0,4,0,1,0,0,0,0,0,0,0,0,0,0,0,0,0,0,0
"Warwick, Eden",15,6,0,9,3,0,0,3,66,2,3,0,0,0,1,0,0,23,1,0,8,2,0,0,8,0,0,0,1,0,3,0,0,0,0,0,0,3,0,0,0,0,0,0,0,0,0,0,0,0,0,0,0,0,0,1,0,0,1,0,0,0,0,5,0,0,0,0,0,0,0,0,0,0,0,0,0,0,0,0,0,0,0,1,2,0,0,0,0,0,1,0,0,0,0,0,0,0,0,0,0,0,0,0,0,0,0,1,0,0,0,0,0,0,0,0,0,0,0,0,0,1,0,0,0,0,0,0,0,0,0,0,0,0,1,0,1,0,0,0,1,0,0,1,0,0,0,0,0,0
"Blake, William",0,2,0,0,0,0,0,0,0,0,0,0,0,2,0,0,0,0,0,0,6,0,0,0,0,0,0,0,0,0,2,0,0,0,0,0,2,0,0,0,0,0,0,0,0,0,0,0,0,0,0,0,0,0,0,0,0,0,0,0,0,0,0,0,0,0,0,0,0,0,0,0,0,0,0,0,0,0,0,0,0,0,0,0,0,0,0,14,0,0,0,0,0,0,0,0,0,0,0,0,0,0,0,0,0,0,0,0,0,0,0,0,0,0,0,0,0,0,0,0,0,0,0,0,0,0,0,0,0,0,0,0,0,0,0,0,0,0,0,0,0,0,0,0,0,0,0,0,0,0
"Harnack, Adolf von",262,16,0,26,4,51,0,0,0,5,0,4,8,0,0,6,0,0,0,0,0,0,0,0,1,315,35,0,0,1,1,0,4,0,1,0,1,0,0,2,0,0,0,0,34,0,0,0,0,0,0,1,0,4,0,0,0,0,0,0,0,0,0,2,0,0,0,0,12,0,0,0,9,117,0,0,0,0,1,19,13,0,2,0,0,6,0,0,0,0,0,0,0,0,0,0,0,0,0,0,0,0,0,0,7,0,0,4,0,0,0,0,0,0,0,0,0,0,0,0,0,0,0,0,0,0,0,0,0,0,0,0,0,0,0,2,0,0,2,0,0,0,0,1,0,0,0,0,0,0
"Livingstone, W. P. (William Pringle)",0,0,0,0,0,0,0,0,0,0,0,0,0,0,0,0,1,0,0,0,1,0,42,0,0,0,0,0,0,0,0,0,0,0,0,0,0,0,0,0,0,0,0,0,0,0,0,0,0,0,0,0,0,0,0,0,0,0,0,0,0,0,1,0,0,0,0,0,0,0,0,0,0,0,0,0,0,0,0,0,0,0,0,0,0,0,0,0,0,0,0,0,0,0,0,0,0,0,0,0,0,0,0,0,0,0,0,0,0,0,0,0,0,0,0,0,0,0,0,0,0,0,0,0,0,0,0,0,0,0,0,0,0,0,0,0,0,0,0,0,0,0,0,0,0,0,0,0,0,0
"Stowe, Harriet Beecher",0,0,0,3,0,71,0,0,12,4,0,2,0,5,0,0,1,2,7,0,5,0,0,0,0,1,0,0,0,0,1,0,0,1,0,2,0,0,0,0,0,0,0,0,0,1,7,0,0,0,0,0,1,0,0,1,1,7,0,0,0,0,0,0,0,0,0,0,0,0,0,1,0,0,0,1,10,0,1,0,0,0,0,0,0,0,6,0,7,2,0,0,0,0,0,0,0,0,1,0,0,0,0,0,0,2,0,0,0,2,0,0,0,0,0,0,0,0,0,0,0,0,0,0,0,0,0,0,0,1,0,0,0,1,4,0,0,0,0,0,4,0,0,0,14,0,0,0,0,0
"Priestley, Joseph",0,0,0,0,0,0,0,8,4,0,0,0,0,0,0,0,0,0,0,0,0,0,0,0,0,0,0,0,0,0,0,0,0,0,0,0,0,0,0,0,0,10,0,0,0,0,0,0,0,0,0,0,0,0,0,8,0,0,0,0,0,0,0,0,0,0,0,0,0,0,0,0,0,0,0,1,0,0,0,0,0,0,0,0,0,0,0,0,0,0,0,0,0,0,0,0,0,0,0,0,0,0,0,0,0,0,0,0,0,0,3,0,0,0,0,0,0,0,0,0,0,0,0,0,0,0,0,0,0,0,0,0,0,0,0,0,0,0,0,0,0,0,0,0,0,0,0,0,0,0
"Donne, John",0,0,0,0,0,24,0,0,0,0,0,0,0,0,0,0,10,0,0,0,0,0,0,0,0,0,2,0,0,0,0,0,0,0,0,0,0,0,0,0,0,0,0,0,0,0,0,0,0,0,0,0,0,0,0,0,2,0,0,0,0,0,0,0,0,0,0,0,0,0,0,0,0,0,0,0,0,0,0,0,0,0,0,0,0,0,0,0,0,0,0,0,0,0,0,0,0,0,0,0,0,0,0,0,0,4,0,0,0,0,0,0,0,0,0,0,0,0,0,0,0,0,0,0,0,0,0,0,0,0,0,0,0,0,0,0,0,0,0,0,0,0,0,0,0,0,0,0,0,0
"Sidgwick, Henry",26,35,99,0,0,0,0,0,2,2,7,0,0,0,3,2,0,0,0,6,0,29,0,0,0,0,0,0,4,0,0,0,1,0,0,0,1,19,2,0,0,0,0,0,0,0,0,0,0,0,0,1,0,0,0,0,0,0,0,0,0,0,0,0,0,0,0,0,0,0,0,0,0,0,0,0,0,50,0,0,2,0,0,0,0,0,0,0,0,0,0,0,0,0,0,0,0,4,0,0,0,0,0,0,0,6,0,0,0,0,0,0,0,3,0,0,0,0,0,0,0,2,0,0,0,0,4,0,0,0,0,0,0,0,0,0,0,0,0,0,0,0,0,0,0,0,0,0,0,0
"Gladden, Washington",0,1,0,21,4,4,0,0,0,0,0,0,0,0,0,0,0,2,1,0,2,0,0,0,0,10,0,0,0,0,2,0,0,0,0,0,0,0,0,2,0,0,0,2,0,0,0,0,12,0,0,0,0,0,0,0,0,0,0,0,0,0,0,1,0,0,0,0,0,0,0,0,0,0,0,0,0,0,1,0,0,0,0,1,0,0,0,1,0,0,0,0,0,2,0,1,0,0,1,0,0,0,0,0,0,0,0,0,0,0,0,0,0,0,0,0,0,0,3,0,0,0,0,0,0,0,0,0,0,0,2,0,0,6,0,0,0,0,0,0,0,0,0,3,1,0,0,0,0,0
"Forbes, F. A. (Frances Alice)",0,0,0,0,0,1,0,0,0,0,0,0,0,0,0,0,0,0,0,0,0,0,0,0,0,0,0,0,0,0,0,0,0,0,0,0,0,0,0,0,0,0,0,0,0,0,0,0,0,0,0,0,0,0,0,0,0,0,0,0,0,0,1,0,0,0,0,0,0,0,0,0,0,0,0,0,0,0,0,0,0,0,0,0,0,0,0,0,0,0,0,0,0,0,0,0,0,0,0,0,0,0,0,0,0,0,0,0,0,0,0,0,0,0,0,0,0,0,0,0,0,0,0,0,0,0,0,0,0,0,0,0,0,0,0,0,0,0,0,0,0,0,0,0,0,0,0,0,0,0
"Leslie, Eliza",0,0,0,0,0,1,0,0,2,0,0,0,0,0,0,0,0,0,0,0,2,0,0,0,0,0,0,0,0,0,0,0,0,0,0,0,0,0,0,0,0,0,0,0,0,0,1,0,0,0,0,0,0,0,0,6,0,0,0,0,0,0,0,0,0,0,0,0,0,0,0,0,0,0,0,0,0,0,0,0,0,0,0,0,0,0,0,0,0,0,0,0,0,0,0,0,0,0,0,0,0,0,0,0,0,4,0,0,0,0,0,0,0,0,0,0,1,0,0,0,0,0,0,0,0,0,0,0,0,1,0,0,0,0,0,2,0,0,0,0,5,0,0,0,0,1,0,0,0,0
"Churchill, Winston",2,2,0,0,4,0,2,0,2,0,0,4,0,6,0,2,3,3,0,0,2,0,0,0,0,0,0,0,0,2,0,6,0,0,0,0,0,0,0,0,0,0,0,0,0,0,0,0,0,0,0,0,0,0,0,0,0,12,0,0,0,0,8,0,0,0,0,0,0,0,0,0,0,0,0,0,12,0,0,0,0,0,0,0,0,0,0,0,6,0,0,0,0,0,0,0,0,0,1,0,0,0,0,0,0,0,0,0,0,0,0,0,0,0,0,0,0,0,0,0,4,0,0,0,0,0,0,0,0,0,0,0,0,0,0,0,0,0,0,0,6,0,0,0,0,0,0,0,0,0
"Machiavelli, Niccolò",8,8,0,9,0,1,0,0,20,7,0,0,0,3,0,2,0,3,0,3,0,0,0,0,3,0,6,0,3,13,44,0,0,38,0,87,4,6,0,0,0,0,0,0,3,4,0,0,0,0,0,0,0,0,0,0,1,0,0,0,6,3,0,3,0,0,0,0,2,0,0,0,0,0,0,74,0,0,0,0,0,0,0,0,0,3,0,0,0,0,0,0,0,0,0,0,211,0,0,0,0,0,0,0,0,0,0,0,0,0,0,0,0,0,0,0,0,0,0,0,0,0,0,0,0,0,0,0,0,0,0,0,0,0,0,0,0,0,1,0,0,0,0,0,0,0,0,0,0,0
"Goldsmith, Oliver",0,0,0,0,0,0,0,0,0,1,0,0,0,0,0,0,0,0,0,0,0,0,0,0,0,0,0,0,0,0,0,0,0,0,0,0,0,0,0,0,0,0,0,0,0,0,0,0,0,0,0,0,0,0,0,0,0,0,0,0,0,0,0,0,0,0,0,0,0,0,0,0,0,0,0,0,0,0,0,0,0,0,0,0,0,0,0,0,0,0,0,0,0,0,0,0,0,0,0,0,0,0,0,0,0,0,0,0,0,0,0,0,0,0,0,0,0,0,0,0,0,0,0,0,0,0,0,0,0,0,0,0,0,0,0,0,0,0,0,0,0,0,0,0,0,0,0,0,0,0
"Tolstoy, Leo, graf",60,25,31,67,15,4,23,4,4,0,0,25,45,253,1,10,0,292,0,3,6,0,0,20,19,11,0,0,10,0,12,13,8,0,0,2,1,0,0,18,2,0,0,0,6,2,0,0,0,0,0,24,15,0,0,2,0,0,0,3,2,6,0,2,0,1,0,0,0,4,2,0,0,0,0,0,0,1,4,25,4,0,0,0,0,9,0,0,0,2,0,0,2,0,0,0,0,7,8,0,0,6,0,0,0,0,5,0,0,0,0,0,0,0,0,0,0,0,0,0,0,0,9,0,3,0,0,0,0,1,0,0,4,0,1,0,0,7,0,0,14,0,0,0,0,0,4,0,0,0
"Crooke, William",1,0,0,0,4,0,0,0,0,0,0,0,0,9,0,4,0,1,0,0,2,0,0,0,0,0,0,0,0,6,2,0,0,0,0,0,0,0,1,0,0,0,0,0,0,0,1,0,0,0,62,0,0,0,76,0,0,0,0,0,0,46,0,0,0,38,0,0,0,0,0,0,2,0,0,0,0,0,1,0,0,0,1,0,0,0,0,0,0,0,0,0,0,0,0,0,0,3,0,0,0,0,0,0,0,0,0,26,0,0,0,0,0,0,0,0,0,0,0,0,0,0,0,0,0,9,0,0,0,2,0,0,1,0,0,0,0,0,0,0,0,0,0,1,0,0,0,0,0,0
"Windsor, William",0,0,0,0,0,0,0,0,0,0,0,0,0,0,0,0,2,2,0,0,0,0,0,0,0,0,0,0,0,0,0,0,0,0,0,0,0,0,0,0,0,0,0,0,0,0,0,0,0,0,0,0,0,0,0,0,0,3,0,0,0,0,0,0,0,0,0,0,0,0,0,0,0,0,0,0,0,0,0,0,0,0,0,0,0,0,0,0,0,0,0,0,0,0,0,0,0,0,0,0,0,0,0,0,0,1,0,0,0,0,0,0,0,0,0,0,0,0,0,0,0,0,0,0,0,0,0,0,0,0,0,0,0,0,0,0,0,0,0,0,0,0,0,0,0,0,0,0,0,0
"Davidson, Thomas",106,158,0,1,35,5,0,0,1,8,0,2,4,0,0,5,0,0,0,0,0,0,0,1,0,0,4,0,0,1,8,0,2,25,0,0,0,0,0,0,2,0,0,0,22,0,0,0,0,0,0,0,0,0,0,0,0,0,1,0,0,0,0,0,0,0,0,0,0,3,12,0,5,0,0,0,0,0,0,0,1,3,2,0,0,0,0,0,0,0,0,0,0,0,0,3,0,3,0,0,0,0,0,0,0,0,0,0,0,0,0,0,0,0,0,0,0,0,0,0,0,0,0,0,0,0,0,0,0,0,0,0,0,0,0,0,0,0,0,0,0,0,0,0,0,0,0,0,0,0
"Bunyan, John",13,10,0,43,1,3,0,1,2,0,26,0,0,20,0,3,5,0,7,0,13,6,0,0,0,2,0,0,0,2,2,0,0,0,0,0,2,0,0,0,0,0,11,0,0,0,5,0,0,0,0,0,0,0,0,0,1,0,0,0,0,250,0,2,0,0,0,0,0,0,0,0,1,0,0,0,0,0,9,0,0,3,0,4,0,0,0,0,2,0,1,0,0,0,0,0,0,0,0,0,0,0,0,0,0,6,0,0,0,1,0,0,0,0,0,0,0,0,0,0,132,0,3,0,0,0,0,0,0,12,0,0,0,0,0,1,21,0,0,0,0,0,0,0,0,0,0,0,0,0
"Ramsay, William",0,0,0,0,0,0,0,3,0,0,0,0,0,0,0,0,0,0,0,0,0,0,0,0,0,0,0,0,0,0,0,0,0,0,0,0,0,0,0,0,0,0,0,0,0,0,0,0,0,0,0,0,0,0,0,0,0,0,1,0,0,0,0,0,0,0,0,0,0,0,0,0,0,0,0,0,0,0,0,0,0,0,0,0,0,0,1,0,0,0,0,1,0,0,0,0,0,0,0,0,0,0,3,0,0,0,0,0,0,0,38,0,0,0,0,0,0,0,0,0,0,50,0,0,0,0,0,0,0,0,0,0,0,0,0,0,0,0,0,0,0,0,0,0,0,1,0,0,0,0
"Burnet, John",250,250,0,0,64,3,1,0,1,24,0,1,1,0,0,24,0,0,0,0,1,0,0,1,0,1,0,0,0,0,0,1,5,3,19,0,93,0,0,0,10,0,0,0,0,0,0,0,0,0,1,0,0,0,0,0,0,1,8,0,0,0,0,0,0,1,0,0,2,0,8,0,5,0,0,0,0,0,0,0,4,0,0,0,0,0,0,0,0,0,0,0,0,0,0,0,0,3,0,0,0,0,0,0,0,0,0,0,0,0,0,0,0,0,0,0,0,0,0,0,0,0,0,0,0,0,0,0,0,0,0,0,0,0,0,1,0,0,0,0,0,0,0,0,0,0,0,0,0,0
"Schlegel, Friedrich von",95,25,3,8,20,1,0,0,4,7,3,6,6,0,2,0,0,0,0,4,2,1,0,0,2,1,0,0,5,3,5,0,0,3,1,0,0,0,0,0,1,0,0,0,0,1,0,0,0,0,0,4,9,0,0,0,0,0,1,0,0,0,0,0,0,1,0,0,1,3,1,0,0,0,0,0,0,0,0,0,5,2,0,0,0,0,0,0,0,0,0,0,0,0,0,0,0,0,0,2,0,0,0,0,0,0,0,0,0,0,0,0,0,0,0,0,0,0,0,0,0,0,0,0,0,0,0,0,2,0,0,0,0,0,0,0,0,0,1,0,0,0,0,0,0,0,0,0,0,1
Boethius,129,41,0,0,17,3,0,0,0,25,2,0,0,0,0,0,0,0,0,0,1,0,0,0,0,0,2,0,0,6,6,0,20,0,1,0,3,0,0,0,14,0,0,0,2,1,10,0,0,0,0,0,0,0,0,0,0,0,1,0,0,0,0,0,0,0,0,0,6,0,0,0,0,0,0,0,0,0,2,13,2,1,0,0,0,0,0,0,0,0,0,0,0,0,0,20,0,0,0,0,50,0,0,0,0,0,0,0,0,0,0,0,24,0,0,0,0,6,0,0,0,0,0,0,0,0,0,0,0,0,0,0,0,0,0,0,0,0,0,0,0,0,6,0,10,0,0,0,0,0
"Jung, C. G. (Carl Gustav)",36,0,16,2,0,30,0,0,4,9,0,40,2,5,0,22,0,3,0,1,10,0,0,32,0,0,0,0,0,6,4,145,10,0,0,0,4,0,0,0,2,0,0,2,20,0,0,22,0,3,22,11,0,0,0,0,0,0,0,0,0,0,2,0,0,38,0,585,0,4,2,0,0,2,0,1,0,0,0,0,2,2,2,2,0,0,0,5,0,0,0,0,0,0,0,2,0,0,0,0,0,0,0,0,0,0,0,0,0,0,0,0,0,13,0,0,0,0,0,0,0,0,3,0,0,1,0,0,0,0,0,0,0,0,0,0,0,0,0,0,0,0,0,0,0,0,0,0,0,0
"Dickens, Charles",3,0,0,0,0,0,0,0,20,0,0,0,0,7,0,0,91,0,0,0,1,0,0,0,0,0,0,0,0,1,0,0,0,0,2,0,1,0,1,0,0,0,0,0,0,0,0,0,0,0,0,0,0,0,0,1,0,1,0,0,0,0,0,0,0,0,0,0,0,0,0,0,0,0,0,0,1,0,2,0,0,0,0,0,0,0,0,0,0,0,26,0,0,0,0,0,0,0,0,6,0,0,0,0,0,0,0,0,0,0,0,0,0,0,27,0,0,0,0,0,0,0,0,0,7,0,0,0,0,3,0,0,10,0,0,0,0,0,0,0,0,0,0,0,0,0,0,0,0,0
"Pasteur, Louis",0,0,0,0,0,0,0,0,0,0,0,0,0,0,0,0,0,0,0,0,0,0,0,0,0,0,0,0,0,0,0,0,0,0,0,0,0,0,7,0,0,0,0,0,0,0,0,0,1,0,0,0,0,0,0,0,0,0,0,0,0,0,0,0,0,0,0,0,0,0,0,0,0,0,0,0,0,0,0,0,0,0,1,0,0,0,0,0,0,0,0,1,9,0,0,0,0,0,0,0,0,0,0,0,0,0,0,0,0,0,0,0,0,0,183,0,0,0,0,0,0,0,0,0,0,0,0,0,0,0,0,0,0,0,0,0,0,0,0,0,0,0,7,0,0,0,0,0,0,0
"Waite, Arthur Edward",0,0,0,2,0,0,1,1,0,0,0,0,0,0,0,0,0,0,0,0,1,0,0,0,2,0,0,0,0,0,1,0,0,0,0,0,0,0,0,0,0,0,0,0,0,0,1,0,0,0,0,0,0,0,0,0,0,0,0,0,0,0,1,0,0,0,0,0,0,0,0,0,0,0,0,0,0,0,0,0,0,0,0,0,0,0,1,1,0,0,0,0,0,0,0,0,1,0,0,1,0,0,0,0,0,0,0,0,0,0,0,0,0,0,0,0,0,0,0,0,0,0,0,0,0,0,0,0,0,0,0,0,0,0,0,0,0,0,0,0,0,0,0,0,0,0,0,0,0,0
"Bruce, H. Addington (Henry Addington)",0,0,0,0,0,0,0,0,0,0,0,0,0,2,0,0,5,1,41,0,1,0,0,0,0,0,0,0,0,1,1,0,0,0,0,0,0,0,0,0,0,0,0,0,0,0,1,0,0,0,1,0,0,0,0,0,0,4,0,0,0,0,0,0,0,0,0,0,0,0,0,0,0,0,0,0,0,0,0,0,0,0,0,1,0,0,0,34,0,0,0,0,0,0,0,0,0,0,0,3,0,0,0,0,0,0,1,0,0,0,2,0,0,0,0,0,0,0,0,0,0,0,0,19,1,7,0,0,0,2,0,0,0,0,0,0,0,0,0,0,0,0,0,0,0,0,0,0,0,0
"Barnes, Albert",0,0,0,29,4,9,0,5,0,0,0,0,0,0,0,1,0,6,0,0,4,0,0,0,0,2,8,0,0,2,0,0,0,0,0,0,0,0,0,0,0,0,0,2,0,0,0,0,0,0,1,0,0,0,0,0,5,0,0,0,0,0,0,0,0,0,0,0,1,1,1,0,0,2,0,0,0,0,0,0,3,1,0,0,0,0,0,0,0,0,0,0,0,0,0,0,0,0,0,0,0,0,0,0,0,3,0,1,0,0,0,0,0,0,0,0,0,0,0,0,0,0,0,0,0,0,0,0,1,1,0,0,0,13,1,0,0,0,0,0,0,0,0,0,0,0,0,0,0,0
"Morley, John",40,26,7,4,12,4,1,22,45,13,86,61,1,19,28,14,0,10,1,3,13,121,0,1,352,0,0,0,370,8,2,0,22,2,3,2,4,39,9,0,3,0,0,0,0,39,3,0,1,0,0,15,0,0,0,14,1,0,4,0,23,0,15,0,61,146,0,0,0,4,3,0,5,0,0,0,5,12,0,0,6,4,2,3,0,2,0,0,0,0,2,1,0,0,0,0,0,8,0,0,0,0,0,0,0,9,1,0,1,0,0,0,0,0,2,0,0,0,0,0,0,1,3,2,0,0,2,0,5,3,0,0,0,0,1,0,4,1,1,0,0,0,0,0,0,0,0,0,0,0
"Gandhi, Mahatma",0,0,0,0,0,0,0,0,0,0,0,0,0,1,0,0,0,1,0,0,1,0,0,0,0,0,0,0,0,0,0,0,0,0,0,0,0,0,0,0,0,0,0,0,0,0,0,0,0,0,0,0,0,0,1,0,0,0,0,0,0,0,0,0,0,0,0,0,0,0,0,0,0,0,0,0,0,0,0,0,0,0,0,0,0,0,0,0,0,0,0,0,0,0,0,0,0,0,0,0,0,0,0,0,0,0,0,0,0,0,0,0,0,0,0,0,0,0,0,1,0,0,0,0,0,0,0,0,0,0,1,0,0,0,0,0,0,0,0,0,0,0,0,0,0,1,0,0,0,0
"Taft, William H. (William Howard)",0,1,0,0,0,0,0,0,1,1,0,0,0,1,0,0,3,3,0,0,3,0,0,2,0,0,0,0,0,0,0,0,0,0,0,0,0,0,0,0,0,0,0,0,0,0,0,0,0,0,0,0,0,0,0,0,0,0,0,0,0,0,0,0,0,0,0,0,0,0,0,0,0,0,0,0,3,0,0,0,0,0,0,0,0,0,0,0,0,0,0,0,0,0,0,0,0,0,0,0,0,0,0,0,0,0,0,0,0,0,0,0,0,0,0,0,0,0,0,0,0,0,0,0,0,0,0,0,0,0,0,0,0,0,1,0,0,0,0,0,0,0,0,0,0,0,0,0,0,0
"Fitzgerald, F. Scott (Francis Scott)",0,0,2,0,0,0,0,1,0,0,0,0,0,0,0,0,0,0,0,0,0,0,0,0,0,0,0,0,0,0,0,0,0,0,0,0,0,0,0,0,0,0,0,0,0,0,0,0,0,0,0,0,0,0,0,0,0,0,0,0,0,0,0,0,0,0,0,0,0,0,0,0,0,0,0,0,0,0,0,0,0,0,0,0,0,0,0,0,0,0,0,0,0,0,0,0,0,0,0,0,0,0,0,0,0,0,0,25,0,0,0,0,0,0,2,0,1,0,0,0,0,0,0,0,0,0,0,0,0,0,0,0,0,0,0,0,0,0,0,0,0,0,0,0,0,0,0,0,0,0
"Kane, William T. (William Terence)",1,0,0,9,0,1,0,0,0,0,0,0,0,1,0,0,0,0,0,0,0,0,0,0,0,0,0,0,0,0,0,0,0,0,0,0,0,0,0,0,0,0,0,0,0,0,0,0,0,0,0,0,0,0,0,0,0,0,0,0,0,0,0,0,0,0,0,0,0,0,0,0,0,0,0,1,0,0,0,0,0,0,0,0,0,0,0,0,0,0,0,0,0,0,0,0,0,0,0,0,0,0,0,0,0,0,0,0,0,0,0,0,0,0,0,0,0,0,0,0,0,0,0,0,0,0,0,0,0,0,0,0,0,0,0,0,0,0,0,0,0,0,0,0,0,0,0,0,0,0
